frame,read_ms,proc_ms,total_ms
0,283.0442,103.8541,386.8983
1,83.9637,0.0073,83.9710
2,76.8307,0.0083,76.8390
3,80.0971,0.0075,80.1046
4,78.9243,0.0068,78.9311
5,80.0086,21.0949,101.1035
6,71.5045,0.0088,71.5133
7,79.7855,0.0100,79.7955
8,91.8217,0.0149,91.8366
9,76.9769,0.0127,76.9896
10,77.5918,18.0865,95.6783
11,84.2261,0.0091,84.2352
12,81.3453,0.0069,81.3522
13,90.5240,0.0066,90.5306
14,89.8945,0.0086,89.9031
15,101.8879,17.4521,119.3400
16,68.9770,0.0098,68.9868
17,70.2323,0.0181,70.2504
18,89.3775,0.0082,89.3857
19,115.1768,0.0112,115.1880
20,125.6332,20.7700,146.4032
21,82.2029,0.0084,82.2113
22,95.4729,0.0069,95.4798
23,101.9569,0.0177,101.9746
24,108.8673,0.0066,108.8739
25,119.5176,724.9134,844.4310
26,48.3071,0.0072,48.3143
27,56.0721,0.0132,56.0853
28,57.5684,0.0056,57.5740
29,62.0806,0.0129,62.0935
30,51.0003,0.8648,51.8651
31,48.6616,0.0190,48.6806
32,51.6351,0.0124,51.6475
33,50.6630,0.0110,50.6740
34,62.6071,0.0120,62.6191
35,56.0400,2.4172,58.4572
36,64.5159,0.0057,64.5216
37,64.1244,0.0066,64.1310
38,60.3311,0.0071,60.3382
39,51.9719,0.0180,51.9899
40,52.2770,0.9437,53.2207
41,51.6640,0.0150,51.6790
42,49.1505,0.0164,49.1669
43,55.9661,0.0169,55.9830
44,57.2374,0.0223,57.2597
45,56.5273,1.1052,57.6325
46,57.2705,0.0115,57.2820
47,76.5950,0.0182,76.6132
48,76.1368,0.0087,76.1455
49,62.6893,0.0113,62.7006
50,51.4198,1.0393,52.4591
51,47.0635,0.0108,47.0743
52,53.1703,0.0059,53.1762
53,50.8274,0.0175,50.8449
54,57.7953,0.0110,57.8063
55,48.6304,1.3516,49.9820
56,51.5907,0.0134,51.6041
57,51.3045,0.0120,51.3165
58,50.5620,0.0190,50.5810
59,65.1267,0.0098,65.1365
60,53.4136,0.8265,54.2401
61,50.8880,0.0185,50.9065
62,53.9833,0.0053,53.9886
63,85.7652,0.0186,85.7838
64,86.5518,0.0048,86.5566
65,84.8328,2.2590,87.0918
66,70.4845,0.0153,70.4998
67,69.7298,0.0223,69.7521
68,79.7857,0.0156,79.8013
69,67.6652,0.0141,67.6793
70,64.4601,1.5611,66.0212
71,62.8544,0.0243,62.8787
72,74.0866,0.0092,74.0958
73,64.3616,0.0174,64.3790
74,77.9774,0.0062,77.9836
75,64.3374,2.7660,67.1034
76,70.7617,0.0077,70.7694
77,72.2804,0.0202,72.3006
78,78.8612,0.0077,78.8689
79,67.8005,0.0191,67.8196
80,71.9007,0.8320,72.7327
81,75.4074,0.0201,75.4275
82,77.2688,0.0060,77.2748
83,64.3721,0.0266,64.3987
84,66.0835,0.0193,66.1028
85,63.6756,1.7542,65.4298
86,68.2262,0.0153,68.2415
87,58.9308,0.0101,58.9409
88,71.8089,0.0061,71.8150
89,57.5892,0.0128,57.6020
90,72.1285,1.4148,73.5433
91,56.4760,0.0136,56.4896
92,72.1003,0.0190,72.1193
93,64.0753,0.0152,64.0905
94,85.5835,0.0063,85.5898
95,79.4679,1.8474,81.3153
96,107.9440,0.0095,107.9535
97,138.9919,0.0259,139.0178
98,111.5751,0.0080,111.5831
99,55.9191,0.0143,55.9334
100,54.8454,422.6424,477.4878
101,46.8578,0.0133,46.8711
102,52.4205,0.0114,52.4319
103,49.5341,0.0132,49.5473
104,57.0618,0.0200,57.0818
105,55.4687,1.5039,56.9726
106,54.0342,0.0065,54.0407
107,50.8829,0.0265,50.9094
108,54.4256,0.0093,54.4349
109,50.5004,0.0153,50.5157
110,51.4446,0.8627,52.3073
111,46.3110,0.0101,46.3211
112,51.8087,0.0144,51.8231
113,50.0859,0.0147,50.1006
114,50.9242,0.0144,50.9386
115,48.1553,1.3644,49.5197
116,51.0425,0.0092,51.0517
117,50.2640,0.0106,50.2746
118,49.2118,0.0118,49.2236
119,49.8938,0.0083,49.9021
120,57.4135,1.1446,58.5581
121,51.6043,0.0187,51.6230
122,65.6010,0.0136,65.6146
123,65.1726,0.0171,65.1897
124,69.4065,0.0167,69.4232
125,57.0790,1.4111,58.4901
126,65.1809,0.0099,65.1908
127,67.5647,0.0138,67.5785
128,70.5705,0.0194,70.5899
129,64.4176,0.0115,64.4291
130,57.2116,1.5042,58.7158
131,65.2039,0.0152,65.2191
132,75.5956,0.0088,75.6044
133,56.7278,0.0106,56.7384
134,68.3618,0.0144,68.3762
135,72.2699,1.4958,73.7657
136,64.0156,0.0063,64.0219
137,54.2465,0.0125,54.2590
138,76.1546,0.0096,76.1642
139,68.2719,0.0387,68.3106
140,70.9871,0.8924,71.8795
141,50.2857,0.0088,50.2945
142,71.6763,0.0157,71.6920
143,61.8669,0.0258,61.8927
144,77.1195,0.0131,77.1326
145,80.0561,1.7918,81.8479
146,96.4841,0.0067,96.4908
147,71.4503,0.0188,71.4691
148,82.7278,0.0072,82.7350
149,81.6228,0.0180,81.6408
150,52.5952,1.3676,53.9628
151,51.0680,0.0166,51.0846
152,46.3937,0.0100,46.4037
153,49.9398,0.0099,49.9497
154,52.5236,0.0108,52.5344
155,50.3610,1.8449,52.2059
156,50.0158,0.0118,50.0276
157,49.8232,0.0084,49.8316
158,51.2103,0.0112,51.2215
159,51.9263,0.0102,51.9365
160,55.1987,1.6071,56.8058
161,52.9417,0.0106,52.9523
162,52.6300,0.0071,52.6371
163,46.0220,0.0133,46.0353
164,51.9444,0.0123,51.9567
165,48.6870,1.7857,50.4727
166,61.2166,0.0153,61.2319
167,55.9564,0.0105,55.9669
168,62.0344,0.0133,62.0477
169,71.0963,0.0094,71.1057
170,63.5792,1.5084,65.0876
171,52.2968,0.0101,52.3069
172,63.7419,0.0110,63.7529
173,64.6923,0.0159,64.7082
174,69.9604,0.0100,69.9704
175,109.4515,10.9132,120.3647
176,103.9454,0.0096,103.9550
177,61.4302,0.0131,61.4433
178,84.9159,0.0158,84.9317
179,80.8771,0.0178,80.8949
180,70.0639,9.7487,79.8126
181,60.8152,0.0257,60.8409
182,69.3618,0.0154,69.3772
183,64.0931,0.0140,64.1071
184,76.2542,0.0181,76.2723
185,68.5239,9.4114,77.9353
186,66.0857,0.0139,66.0996
187,70.0974,0.0150,70.1124
188,70.7515,0.0157,70.7672
189,58.6228,0.0162,58.6390
190,57.1641,10.9140,68.0781
191,53.4036,0.0178,53.4214
192,71.6883,0.0103,71.6986
193,80.8227,0.0114,80.8341
194,76.0883,0.0087,76.0970
195,85.0367,17.8529,102.8896
196,75.6210,0.0207,75.6417
197,79.0698,0.0203,79.0901
198,61.9552,0.0118,61.9670
199,79.4413,0.0097,79.4510
200,49.1323,17.1852,66.3175
201,55.4048,0.0186,55.4234
202,49.6747,0.0080,49.6827
203,49.8393,0.0101,49.8494
204,52.5157,0.0139,52.5296
205,47.8113,19.2892,67.1005
206,46.0659,0.0145,46.0804
207,50.6855,0.0051,50.6906
208,50.7629,0.0130,50.7759
209,46.7910,0.0073,46.7983
210,52.1743,19.5585,71.7328
211,50.1700,0.0059,50.1759
212,51.5801,0.0096,51.5897
213,47.8388,0.0162,47.8550
214,51.1317,0.0066,51.1383
215,49.8549,18.6572,68.5121
216,49.1591,0.0139,49.1730
217,50.3699,0.0099,50.3798
218,48.4802,0.0129,48.4931
219,50.2337,0.0109,50.2446
220,51.7909,18.8014,70.5923
221,51.9341,0.0139,51.9480
222,50.3415,0.0144,50.3559
223,58.7793,0.0212,58.8005
224,67.8775,0.0146,67.8921
225,72.5665,23.3985,95.9650
226,52.1101,0.0161,52.1262
227,58.2405,0.0125,58.2530
228,65.5644,0.0120,65.5764
229,72.8068,0.0188,72.8256
230,70.8993,20.2042,91.1035
231,53.3435,0.0212,53.3647
232,64.7816,0.0154,64.7970
233,59.9223,0.0190,59.9413
234,65.9523,0.0179,65.9702
235,65.3530,15.5658,80.9188
236,51.5419,0.0137,51.5556
237,77.0656,0.0137,77.0793
238,68.8904,0.0195,68.9099
239,67.4162,0.0217,67.4379
240,63.9878,18.7603,82.7481
241,50.8553,0.0105,50.8658
242,68.5211,0.0170,68.5381
243,66.6658,0.0169,66.6827
244,79.0335,0.0223,79.0558
245,91.3372,25.5720,116.9092
246,59.6892,0.0196,59.7088
247,62.1438,0.0105,62.1543
248,98.5622,0.0076,98.5698
249,65.9104,0.0106,65.9210
250,50.0946,16.7728,66.8674
251,47.4770,0.0100,47.4870
252,50.9492,0.0117,50.9609
253,49.0864,0.0121,49.0985
254,53.0124,0.0060,53.0184
255,45.7192,21.2485,66.9677
256,46.0115,0.0143,46.0258
257,54.7351,0.0124,54.7475
258,52.2028,0.0090,52.2118
259,48.8193,0.0158,48.8351
260,48.9793,17.8198,66.7991
261,48.1393,0.0105,48.1498
262,54.2001,0.0120,54.2121
263,48.4955,0.0106,48.5061
264,51.9328,0.0101,51.9429
265,50.8722,17.1367,68.0089
266,52.9501,0.0064,52.9565
267,46.6464,0.0113,46.6577
268,71.6546,0.0187,71.6733
269,62.4646,0.0094,62.4740
270,66.3702,17.4614,83.8316
271,55.6314,0.0150,55.6464
272,64.1560,0.0115,64.1675
273,66.6724,0.0197,66.6921
274,69.3843,0.0074,69.3917
275,53.5885,17.3149,70.9034
276,50.9625,0.0096,50.9721
277,77.6162,0.0303,77.6465
278,61.4860,0.0166,61.5026
279,52.8432,0.0159,52.8591
280,65.5556,13.5643,79.1199
281,61.0565,0.0179,61.0744
282,70.1321,0.0220,70.1541
283,59.1698,0.0144,59.1842
284,66.3602,0.0084,66.3686
285,73.0976,9.4190,82.5166
286,67.4855,0.0126,67.4981
287,59.8916,0.0162,59.9078
288,59.1848,0.0127,59.1975
289,70.0152,0.0136,70.0288
290,69.2046,11.7751,80.9797
291,56.5241,0.0108,56.5349
292,79.9202,0.0060,79.9262
293,74.3271,0.0086,74.3357
294,83.3640,0.0086,83.3726
295,75.8025,24.3879,100.1904
296,56.2491,0.0116,56.2607
297,87.8732,0.0167,87.8899
298,86.5365,0.0206,86.5571
299,70.9338,0.0162,70.9500
300,50.9950,1.5027,52.4977
301,49.1154,0.0108,49.1262
302,48.6955,0.0091,48.7046
303,49.0608,0.0097,49.0705
304,52.6713,0.0169,52.6882
305,51.0250,459.9833,511.0083
306,46.6542,0.0132,46.6674
307,72.0132,0.0135,72.0267
308,61.5830,0.0108,61.5938
309,58.8903,0.0128,58.9031
310,55.4745,2.2767,57.7512
311,53.2951,0.0142,53.3093
312,53.5264,0.0165,53.5429
313,53.2596,0.0095,53.2691
314,60.9943,0.0300,61.0243
315,51.2668,2.2038,53.4706
316,57.8629,0.0123,57.8752
317,58.5481,0.0162,58.5643
318,54.7130,0.0168,54.7298
319,58.5819,0.0147,58.5966
320,56.3044,3.0817,59.3861
321,53.0785,0.0157,53.0942
322,54.0723,0.0208,54.0931
323,55.4881,0.0143,55.5024
324,66.6484,0.0165,66.6649
325,93.6832,1.6545,95.3377
326,101.2893,0.0109,101.3002
327,113.3784,0.0215,113.3999
328,76.9040,0.0265,76.9305
329,80.1384,0.0236,80.1620
330,73.6943,1.3336,75.0279
331,68.6796,0.0083,68.6879
332,64.5685,0.0051,64.5736
333,69.8757,0.0134,69.8891
334,64.4659,0.0115,64.4774
335,72.1560,1.7837,73.9397
336,61.5260,0.0130,61.5390
337,66.5983,0.0141,66.6124
338,73.2087,0.0138,73.2225
339,67.0984,0.0112,67.1096
340,63.1822,1.6850,64.8672
341,61.8997,0.0095,61.9092
342,73.0423,0.0134,73.0557
343,71.4470,0.0114,71.4584
344,75.5873,0.0156,75.6029
345,85.8534,1.6308,87.4842
346,92.9576,0.0193,92.9769
347,93.8297,0.0139,93.8436
348,79.5496,0.0296,79.5792
349,75.1020,0.0188,75.1208
350,47.5132,1.3318,48.8450
351,54.1948,0.0179,54.2127
352,50.8703,0.0128,50.8831
353,45.8998,0.0091,45.9089
354,49.4065,0.0192,49.4257
355,49.9766,1.3206,51.2972
356,45.6547,0.0102,45.6649
357,50.0420,0.0128,50.0548
358,49.0462,0.0135,49.0597
359,47.1618,0.0080,47.1698
360,50.7619,1.4227,52.1846
361,50.1437,0.0121,50.1558
362,48.8019,0.0113,48.8132
363,50.4645,0.0128,50.4773
364,50.4618,0.0111,50.4729
365,48.4187,1.6794,50.0981
366,51.5304,0.0130,51.5434
367,74.0503,0.0143,74.0646
368,62.7232,0.0129,62.7361
369,60.9007,0.0125,60.9132
370,69.5439,1.2279,70.7718
371,66.2961,0.0081,66.3042
372,70.5426,0.0114,70.5540
373,62.8140,0.0115,62.8255
374,63.2189,0.0141,63.2330
375,64.6116,1.3066,65.9182
376,65.9642,0.0131,65.9773
377,64.8030,0.0118,64.8148
378,71.6048,0.0108,71.6156
379,66.5131,0.0126,66.5257
380,69.0641,503.5933,572.6574
381,44.4757,0.0228,44.4985
382,50.9646,0.0147,50.9793
383,84.5417,0.0235,84.5652
384,45.9477,0.0093,45.9570
385,52.5316,1.6614,54.1930
386,48.8306,0.0050,48.8356
387,48.5432,0.0144,48.5576
388,52.2501,0.0166,52.2667
389,53.4787,0.0120,53.4907
390,50.7091,1.5668,52.2759
391,48.6999,0.0108,48.7107
392,50.3361,0.0119,50.3480
393,60.1755,0.0232,60.1987
394,51.7126,0.0104,51.7230
395,60.0890,1.8781,61.9671
396,58.1347,0.0216,58.1563
397,57.6400,0.0185,57.6585
398,51.9724,0.0128,51.9852
399,49.5518,0.0083,49.5601
400,51.2055,1.9825,53.1880
401,46.9533,0.0207,46.9740
402,65.6919,0.0191,65.7110
403,74.4351,0.0220,74.4571
404,70.0089,0.0294,70.0383
405,73.8027,2.6812,76.4839
406,53.9834,0.0199,54.0033
407,51.5212,0.0169,51.5381
408,78.3606,0.0145,78.3751
409,68.9430,0.0142,68.9572
410,66.2961,1.2778,67.5739
411,71.2935,0.0079,71.3014
412,64.2650,0.0126,64.2776
413,62.1591,0.0184,62.1775
414,71.4996,0.0131,71.5127
415,60.7740,1.2673,62.0413
416,68.9496,0.0118,68.9614
417,77.0398,0.0329,77.0727
418,54.5102,0.0107,54.5209
419,67.3452,0.0163,67.3615
420,80.4794,2.0859,82.5653
421,54.7949,0.0099,54.8048
422,62.4245,0.0132,62.4377
423,69.6635,0.0113,69.6748
424,67.0918,0.0128,67.1046
425,59.1922,1.2880,60.4802
426,68.5291,0.0128,68.5419
427,71.4882,0.0119,71.5001
428,66.5773,0.0202,66.5975
429,56.8629,0.0048,56.8677
430,63.5399,1.5156,65.0555
431,72.8253,0.0121,72.8374
432,70.0642,0.0163,70.0805
433,60.6923,0.0104,60.7027
434,66.3221,0.0084,66.3305
435,71.5930,1.4739,73.0669
436,62.5797,0.0094,62.5891
437,64.3657,0.0091,64.3748
438,72.7510,0.0141,72.7651
439,64.6771,0.0127,64.6898
440,62.3371,1.4670,63.8041
441,62.9058,0.0177,62.9235
442,71.5077,0.0122,71.5199
443,77.8943,0.0161,77.9104
444,68.3167,0.0230,68.3397
445,75.6419,2.3177,77.9596
446,81.7853,0.0131,81.7984
447,90.7887,0.0179,90.8066
448,75.5466,0.0188,75.5654
449,68.2672,0.0140,68.2812
450,46.2370,1.1808,47.4178
451,49.8816,0.0106,49.8922
452,50.4486,0.0191,50.4677
453,48.7878,0.0161,48.8039
454,50.9955,0.0087,51.0042
455,52.7348,1.5625,54.2973
456,44.8452,0.0148,44.8600
457,49.1909,0.0127,49.2036
458,51.2394,0.0129,51.2523
459,46.3292,0.0141,46.3433
460,49.7135,1.4890,51.2025
461,48.4695,0.0141,48.4836
462,48.4938,0.0193,48.5131
463,49.7017,0.0077,49.7094
464,49.5652,0.0114,49.5766
465,48.8226,1.7128,50.5354
466,48.8389,0.0119,48.8508
467,72.2216,0.0231,72.2447
468,63.3845,0.0137,63.3982
469,70.5016,0.0153,70.5169
470,71.3563,11.5023,82.8586
471,49.5109,0.0089,49.5198
472,67.5782,0.0136,67.5918
473,67.0856,0.0092,67.0948
474,64.3867,0.0104,64.3971
475,75.0276,13.7025,88.7301
476,58.7111,0.0106,58.7217
477,56.0118,0.0160,56.0278
478,57.1043,0.0064,57.1107
479,63.2962,0.0111,63.3073
480,70.7244,17.0809,87.8053
481,52.3909,0.0125,52.4034
482,65.6453,0.0114,65.6567
483,66.0398,0.0146,66.0544
484,69.1420,0.0121,69.1541
485,68.6736,17.9216,86.5952
486,54.1906,0.0183,54.2089
487,56.4468,0.0110,56.4578
488,67.8952,0.0127,67.9079
489,68.3901,0.0120,68.4021
490,67.5678,18.7351,86.3029
491,52.0656,0.0117,52.0773
492,71.5980,0.0102,71.6082
493,80.1131,0.0117,80.1248
494,74.7843,0.0143,74.7986
495,81.2890,18.2152,99.5042
496,68.4938,0.0202,68.5140
497,79.3347,0.0171,79.3518
498,85.1447,0.0187,85.1634
499,74.4626,0.0157,74.4783
500,47.6568,18.9484,66.6052
501,46.1791,0.0143,46.1934
502,52.9401,0.0154,52.9555
503,54.9635,0.0099,54.9734
504,52.3333,0.0165,52.3498
505,52.6840,2.2269,54.9109
506,50.6573,0.0131,50.6704
507,49.6486,0.0106,49.6592
508,50.3168,0.0089,50.3257
509,50.4580,0.0144,50.4724
510,50.7840,1.8666,52.6506
511,45.2903,0.0197,45.3100
512,56.7702,0.0211,56.7913
513,58.0218,0.0097,58.0315
514,61.5126,0.0132,61.5258
515,51.4154,2.0347,53.4501
516,48.6269,0.0170,48.6439
517,47.9603,0.0133,47.9736
518,52.8594,0.0106,52.8700
519,49.8375,0.0119,49.8494
520,46.9175,1.3496,48.2671
521,68.3783,0.0247,68.4030
522,83.8490,0.0079,83.8569
523,111.2194,0.0168,111.2362
524,89.1573,0.0139,89.1712
525,75.2378,1.9042,77.1420
526,56.1913,0.0174,56.2087
527,63.4571,0.0162,63.4733
528,59.6973,0.0134,59.7107
529,57.6858,0.0131,57.6989
530,86.3603,2.3561,88.7164
531,105.5226,0.0091,105.5317
532,90.7912,0.0166,90.8078
533,98.9721,0.0312,99.0033
534,87.3425,0.0153,87.3578
535,76.7781,407.5917,484.3698
536,44.0686,0.0207,44.0893
537,50.6203,0.0248,50.6451
538,47.3604,0.0250,47.3854
539,45.5792,0.0202,45.5994
540,61.4686,1.8844,63.3530
541,46.2590,0.0144,46.2734
542,50.2699,0.0144,50.2843
543,59.7589,0.0112,59.7701
544,53.9693,0.0110,53.9803
545,53.2552,2.5868,55.8420
546,60.5962,0.0260,60.6222
547,58.0348,0.0160,58.0508
548,58.8687,0.0234,58.8921
549,59.3483,0.0096,59.3579
550,48.1474,2.8487,50.9961
551,47.8559,0.0125,47.8684
552,56.9418,0.0230,56.9648
553,64.3136,0.0226,64.3362
554,57.3332,0.0245,57.3577
555,71.4504,1.0364,72.4868
556,48.3727,0.0152,48.3879
557,49.4410,0.0137,49.4547
558,48.9901,0.0190,49.0091
559,46.9004,0.0185,46.9189
560,47.8692,1.5232,49.3924
561,47.5912,0.0132,47.6044
562,48.0178,0.0113,48.0291
563,47.8323,0.0130,47.8453
564,46.0893,0.0107,46.1000
565,51.1493,1.4043,52.5536
566,50.7312,0.0190,50.7502
567,48.9985,0.0092,49.0077
568,47.2616,0.0092,47.2708
569,49.1792,0.0083,49.1875
570,46.1701,1.4921,47.6622
571,48.7893,0.0084,48.7977
572,48.5863,0.0090,48.5953
573,49.4738,0.0050,49.4788
574,48.6189,0.0211,48.6400
575,49.6227,1.2388,50.8615
576,45.4018,0.0172,45.4190
577,57.3317,0.0063,57.3380
578,49.3600,0.0189,49.3789
579,50.4497,0.0154,50.4651
580,60.6211,2.0292,62.6503
581,50.0517,0.0077,50.0594
582,50.1069,0.0077,50.1146
583,54.1112,0.0190,54.1302
584,69.3343,0.0105,69.3448
585,48.0757,1.4189,49.4946
586,59.2189,0.0287,59.2476
587,56.8209,0.0137,56.8346
588,58.6031,0.0133,58.6164
589,62.5134,0.0140,62.5274
590,66.3161,1.8766,68.1927
591,53.3473,0.0225,53.3698
592,53.2510,0.0135,53.2645
593,70.5119,0.0113,70.5232
594,64.4284,0.0061,64.4345
595,63.7060,1.0065,64.7125
596,65.0827,0.0145,65.0972
597,64.5731,0.0291,64.6022
598,62.9421,0.0277,62.9698
599,58.9452,0.0212,58.9664
600,45.5136,1.4321,46.9457
601,47.6776,0.0121,47.6897
602,48.4550,0.0137,48.4687
603,51.3261,0.0164,51.3425
604,71.2402,0.0144,71.2546
605,73.1185,0.7388,73.8573
606,71.5452,0.0082,71.5534
607,48.6629,0.0141,48.6770
608,52.6572,0.0267,52.6839
609,53.2448,0.0124,53.2572
610,52.5742,472.3068,524.8810
611,44.7155,0.0069,44.7224
612,48.4986,0.0173,48.5159
613,58.4667,0.0076,58.4743
614,56.3985,0.0150,56.4135
615,50.0659,0.8947,50.9606
616,46.5196,0.0161,46.5357
617,49.4585,0.0137,49.4722
618,51.3790,0.0073,51.3863
619,52.0488,0.0048,52.0536
620,50.6014,0.6696,51.2710
621,49.4764,0.0171,49.4935
622,46.8974,0.0243,46.9217
623,49.6643,0.0052,49.6695
624,48.5696,0.0153,48.5849
625,49.9223,0.6444,50.5667
626,49.9183,0.0058,49.9241
627,46.6463,0.0063,46.6526
628,46.5296,0.0099,46.5395
629,49.8206,0.0043,49.8249
630,49.8348,0.7333,50.5681
631,49.7632,0.0051,49.7683
632,46.3698,0.0154,46.3852
633,48.4931,0.0063,48.4994
634,48.7690,0.0271,48.7961
635,49.1374,0.7233,49.8607
636,48.4882,0.0055,48.4937
637,46.5979,0.0055,46.6034
638,46.8968,0.0108,46.9076
639,48.5130,0.0047,48.5177
640,49.9797,0.6695,50.6492
641,47.9312,0.0065,47.9377
642,46.8101,0.0159,46.8260
643,61.0530,0.0100,61.0630
644,67.3781,0.0069,67.3850
645,74.5128,0.8475,75.3603
646,58.4740,0.0080,58.4820
647,70.0943,0.0142,70.1085
648,58.6113,0.0067,58.6180
649,60.8592,0.0086,60.8678
650,49.1102,0.8909,50.0011
651,47.6457,0.0075,47.6532
652,53.0636,0.0062,53.0698
653,49.8214,0.0056,49.8270
654,49.8281,0.0042,49.8323
655,49.9917,0.8311,50.8228
656,46.1139,0.0046,46.1185
657,49.0244,0.0072,49.0316
658,50.5714,0.0107,50.5821
659,49.8885,0.0048,49.8933
660,47.9568,1.0007,48.9575
661,45.9637,0.0056,45.9693
662,49.2252,0.0075,49.2327
663,48.8430,0.0054,48.8484
664,49.4324,0.0094,49.4418
665,49.4437,0.7267,50.1704
666,46.9895,0.0178,47.0073
667,48.3730,0.0055,48.3785
668,49.6457,0.0051,49.6508
669,50.1945,0.0048,50.1993
670,48.3778,0.6480,49.0258
671,48.2495,0.0063,48.2558
672,48.3276,0.0155,48.3431
673,48.8141,0.0067,48.8208
674,48.4555,0.0067,48.4622
675,49.0727,0.6957,49.7684
676,49.5237,0.0049,49.5286
677,47.4736,0.0057,47.4793
678,50.0726,0.0081,50.0807
679,60.6985,0.0074,60.7059
680,56.8809,1.1305,58.0114
681,59.1271,0.0070,59.1341
682,53.4837,0.0094,53.4931
683,55.1135,0.0050,55.1185
684,62.0139,0.0080,62.0219
685,57.2264,0.8575,58.0839
686,52.0184,0.0142,52.0326
687,58.5132,0.0105,58.5237
688,57.3110,0.0141,57.3251
689,61.0737,0.0059,61.0796
690,57.0258,0.9418,57.9676
691,53.0020,0.0080,53.0100
692,64.9477,0.0070,64.9547
693,63.9676,0.0114,63.9790
694,90.4805,0.0271,90.5076
695,108.2865,0.9566,109.2431
696,82.6422,0.0098,82.6520
697,86.1311,0.0106,86.1417
698,135.5445,0.0082,135.5527
699,66.5417,0.0145,66.5562
700,53.9589,0.6833,54.6422
701,46.7898,0.0073,46.7971
702,49.0921,0.0120,49.1041
703,53.0794,0.0110,53.0904
704,48.4266,0.0070,48.4336
705,48.0974,0.6950,48.7924
706,49.8996,0.0063,49.9059
707,48.9597,0.0101,48.9698
708,48.0910,0.0182,48.1092
709,50.4097,0.0131,50.4228
710,50.2564,0.7180,50.9744
711,52.4382,0.0181,52.4563
712,50.2709,0.0073,50.2782
713,46.2638,0.0147,46.2785
714,48.6326,0.0063,48.6389
715,50.1642,0.6729,50.8371
716,48.0893,0.0054,48.0947
717,50.3658,0.0064,50.3722
718,49.0418,0.0069,49.0487
719,47.0680,0.0056,47.0736
720,51.2795,7.2288,58.5083
721,48.5065,0.0221,48.5286
722,50.1197,0.0121,50.1318
723,49.0318,0.0133,49.0451
724,47.2627,0.0066,47.2693
725,46.1660,9.6071,55.7731
726,46.3305,0.0061,46.3366
727,49.6299,0.0133,49.6432
728,50.9703,0.0088,50.9791
729,49.5229,0.0054,49.5283
730,47.6455,11.8392,59.4847
731,46.6079,0.0170,46.6249
732,54.1481,0.0079,54.1560
733,56.3162,0.0182,56.3344
734,54.5338,0.0055,54.5393
735,59.0259,12.9378,71.9637
736,45.9885,0.0078,45.9963
737,58.1964,0.0093,58.2057
738,56.6819,0.0092,56.6911
739,56.8139,0.0068,56.8207
740,60.3856,17.7884,78.1740
741,45.7988,0.0091,45.8079
742,61.8395,0.0070,61.8465
743,67.9642,0.0074,67.9716
744,60.2847,0.0095,60.2942
745,72.3215,16.1512,88.4727
746,61.0239,0.0085,61.0324
747,68.3733,0.0065,68.3798
748,61.3074,0.0075,61.3149
749,56.6136,0.0059,56.6195
750,47.1414,22.5300,69.6714
751,47.4416,0.0211,47.4627
752,50.1815,0.0088,50.1903
753,51.9274,0.0066,51.9340
754,49.4978,0.0057,49.5035
755,49.2021,0.9650,50.1671
756,47.3360,0.0058,47.3418
757,49.7997,0.0077,49.8074
758,49.8433,0.0050,49.8483
759,47.6138,0.0057,47.6195
760,47.0711,1.0146,48.0857
761,50.1717,0.0051,50.1768
762,51.4475,0.0072,51.4547
763,56.0186,0.0050,56.0236
764,47.5702,0.0058,47.5760
765,48.3933,0.7398,49.1331
766,49.0504,0.0059,49.0563
767,50.2756,0.0042,50.2798
768,49.2962,0.0060,49.3022
769,47.8540,0.0060,47.8600
770,51.0016,0.8081,51.8097
771,48.9903,0.0048,48.9951
772,49.3821,0.0065,49.3886
773,48.0684,0.0068,48.0752
774,49.5706,0.0059,49.5765
775,62.8857,0.8851,63.7708
776,60.3498,0.0077,60.3575
777,54.4695,0.0064,54.4759
778,51.9514,0.0053,51.9567
779,61.5531,0.0078,61.5609
780,65.4781,1.4853,66.9634
781,48.7323,0.0081,48.7404
782,53.3829,0.0050,53.3879
783,69.6320,0.0049,69.6369
784,64.4185,0.0080,64.4265
785,56.8615,452.7244,509.5859
786,48.4402,0.0062,48.4464
787,53.4140,0.0077,53.4217
788,57.6085,0.0057,57.6142
789,57.2731,0.0062,57.2793
790,54.9379,0.7662,55.7041
791,49.8262,0.0055,49.8317
792,50.2493,0.0055,50.2548
793,56.6403,0.0051,56.6454
794,50.7193,0.0052,50.7245
795,51.2420,0.6608,51.9028
796,51.5572,0.0055,51.5627
797,49.0783,0.0118,49.0901
798,50.1803,0.0054,50.1857
799,50.4929,0.0051,50.4980
800,50.3451,0.7321,51.0772
801,51.6419,0.0103,51.6522
802,47.3798,0.0070,47.3868
803,48.8803,0.0053,48.8856
804,49.9448,0.0064,49.9512
805,49.8402,0.6130,50.4532
806,48.6392,0.0040,48.6432
807,48.3281,0.0044,48.3325
808,53.1791,0.0053,53.1844
809,50.0247,0.0049,50.0296
810,50.4059,0.7771,51.1830
811,61.8058,0.0073,61.8131
812,51.5877,0.0073,51.5950
813,48.1655,0.0050,48.1705
814,50.2011,0.0050,50.2061
815,53.2495,0.7040,53.9535
816,51.6569,0.0059,51.6628
817,47.1127,0.0071,47.1198
818,60.4253,0.0093,60.4346
819,62.3198,0.0057,62.3255
820,55.5091,0.7889,56.2980
821,57.2768,0.0074,57.2842
822,66.2052,0.0109,66.2161
823,57.0156,0.0086,57.0242
824,60.6656,0.0076,60.6732
825,61.8436,0.7642,62.6078
826,50.1906,0.0115,50.2021
827,57.7785,0.0114,57.7899
828,62.2472,0.0086,62.2558
829,58.1960,0.0075,58.2035
830,62.2370,0.7791,63.0161
831,55.4800,0.0065,55.4865
832,58.7470,0.0066,58.7536
833,58.3746,0.0053,58.3799
834,58.6263,0.0069,58.6332
835,64.8347,0.6715,65.5062
836,62.8315,0.0078,62.8393
837,60.1389,0.0075,60.1464
838,49.2222,0.0056,49.2278
839,61.0267,0.0110,61.0377
840,58.1157,0.8067,58.9224
841,61.0930,0.0068,61.0998
842,53.3461,0.0048,53.3509
843,71.0267,0.0159,71.0426
844,88.3910,0.0054,88.3964
845,63.7028,0.8651,64.5679
846,63.1446,0.0093,63.1539
847,86.4291,0.0116,86.4407
848,62.5249,0.0064,62.5313
849,54.2368,0.0059,54.2427
850,51.4981,0.6412,52.1393
851,54.0308,0.0043,54.0351
852,49.7943,0.0074,49.8017
853,53.2696,0.0055,53.2751
854,53.4671,0.0061,53.4732
855,51.6873,0.7329,52.4202
856,50.5218,0.0053,50.5271
857,51.4786,0.0082,51.4868
858,48.7402,0.0049,48.7451
859,52.8988,0.0051,52.9039
860,52.0239,403.4819,455.5058
861,48.6791,0.0065,48.6856
862,52.5402,0.0045,52.5447
863,61.7430,0.0072,61.7502
864,104.2021,0.0130,104.2151
865,103.4915,1.0454,104.5369
866,104.6015,0.0144,104.6159
867,106.3584,0.0098,106.3682
868,86.4205,0.0079,86.4284
869,87.1903,0.0127,87.2030
870,90.0824,0.9415,91.0239
871,90.7587,0.0084,90.7671
872,82.6248,0.0102,82.6350
873,82.7941,0.0109,82.8050
874,90.9782,0.0098,90.9880
875,86.5608,0.8930,87.4538
876,85.0643,0.0191,85.0834
877,83.3668,0.0064,83.3732
878,74.2656,0.0091,74.2747
879,79.2474,0.0154,79.2628
880,79.1616,0.8830,80.0446
881,74.8226,0.0081,74.8307
882,79.2784,0.0211,79.2995
883,70.1715,0.0243,70.1958
884,53.2404,0.0154,53.2558
885,57.2195,2.2169,59.4364
886,50.5723,0.0258,50.5981
887,60.6458,0.0154,60.6612
888,56.5381,0.0296,56.5677
889,53.4055,0.0250,53.4305
890,57.8182,1.8327,59.6509
891,48.8832,0.0123,48.8955
892,44.9417,0.0108,44.9525
893,64.0457,0.0113,64.0570
894,77.6273,0.0259,77.6532
895,64.3783,2.0351,66.4134
896,66.7085,0.0171,66.7256
897,71.5340,0.0207,71.5547
898,77.5069,0.0256,77.5325
899,59.2326,0.0095,59.2421
900,46.3060,1.7744,48.0804
901,44.5344,0.0123,44.5467
902,46.8563,0.0154,46.8717
903,47.4983,0.0149,47.5132
904,45.6320,0.0080,45.6400
905,47.1219,1.2709,48.3928
906,46.5826,0.0102,46.5928
907,45.5148,0.0090,45.5238
908,48.2949,0.0127,48.3076
909,48.6530,0.0177,48.6707
910,49.5231,2.5285,52.0516
911,44.7319,0.0127,44.7446
912,46.1039,0.0101,46.1140
913,47.6867,0.0088,47.6955
914,47.0407,0.0160,47.0567
915,45.5631,2.7287,48.2918
916,48.6066,0.0171,48.6237
917,48.5892,0.0094,48.5986
918,43.4903,0.0167,43.5070
919,59.2051,0.0113,59.2164
920,61.9439,2.3970,64.3409
921,57.2347,0.0177,57.2524
922,48.2536,0.0080,48.2616
923,67.0814,0.0123,67.0937
924,75.7551,0.0083,75.7634
925,63.1480,10.9488,74.0968
926,43.0869,0.0169,43.1038
927,52.8751,0.0153,52.8904
928,66.1697,0.0206,66.1903
929,52.6613,0.0156,52.6769
930,66.2941,9.7368,76.0309
931,50.5905,0.0197,50.6102
932,55.7638,0.0122,55.7760
933,61.3093,0.0174,61.3267
934,57.8167,0.0115,57.8282
935,61.0732,14.4439,75.5171
936,51.8497,0.0212,51.8709
937,58.2062,0.0138,58.2200
938,73.1442,0.0153,73.1595
939,56.6531,0.0141,56.6672
940,56.9305,17.5210,74.4515
941,44.5799,0.0125,44.5924
942,60.6745,0.0214,60.6959
943,65.1084,0.0137,65.1221
944,72.6974,0.0219,72.7193
945,66.4345,26.7705,93.2050
946,54.3720,0.0216,54.3936
947,67.1106,0.0232,67.1338
948,99.1558,0.0221,99.1779
949,104.0087,0.0184,104.0271
950,59.7165,13.1302,72.8467
951,47.0105,0.0228,47.0333
952,54.7146,0.0140,54.7286
953,49.4216,0.0230,49.4446
954,46.5179,0.0240,46.5419
955,47.1536,10.5291,57.6827
956,46.3828,0.0110,46.3938
957,50.8242,0.0153,50.8395
958,48.2912,0.0129,48.3041
959,47.8582,0.0132,47.8714
960,48.6365,11.7806,60.4171
961,46.3338,0.0143,46.3481
962,47.2940,0.0163,47.3103
963,46.4292,0.0076,46.4368
964,48.3464,0.0110,48.3574
965,49.7017,11.2581,60.9598
966,44.6688,0.0194,44.6882
967,49.3388,0.0225,49.3613
968,47.3761,0.0120,47.3881
969,47.8558,0.0135,47.8693
970,47.8784,12.2248,60.1032
971,49.0236,0.0093,49.0329
972,48.2689,0.0157,48.2846
973,60.8200,0.0202,60.8402
974,62.2630,0.0224,62.2854
975,57.0193,440.7281,497.7474
976,58.6373,0.0203,58.6576
977,63.5861,0.0155,63.6016
978,65.9077,0.0211,65.9288
979,76.9161,0.0245,76.9406
980,72.7971,2.5635,75.3606
981,71.3255,0.0304,71.3559
982,68.3387,0.0312,68.3699
983,72.2827,0.0148,72.2975
984,73.1459,0.0104,73.1563
985,93.0699,0.9170,93.9869
986,73.2426,0.0099,73.2525
987,66.0087,0.0082,66.0169
988,57.3960,0.0076,57.4036
989,49.7213,0.0053,49.7266
990,50.4986,0.8408,51.3394
991,51.7230,0.0052,51.7282
992,53.6144,0.0059,53.6203
993,58.1338,0.0073,58.1411
994,57.6283,0.0090,57.6373
995,52.4937,1.0672,53.5609
996,63.3560,0.0063,63.3623
997,63.8816,0.0100,63.8916
998,59.9214,0.0057,59.9271
999,53.3790,0.0065,53.3855
1000,52.2205,0.8688,53.0893
1001,57.4709,0.0128,57.4837
1002,60.2164,0.0080,60.2244
1003,56.1684,0.0090,56.1774
1004,52.2100,0.0062,52.2162
1005,55.7551,1.0017,56.7568
1006,53.7778,0.0053,53.7831
1007,55.3675,0.0094,55.3769
1008,58.1907,0.0069,58.1976
1009,60.6563,0.0100,60.6663
1010,60.0601,0.8789,60.9390
1011,59.9901,0.0073,59.9974
1012,52.8562,0.0121,52.8683
1013,52.6582,0.0063,52.6645
1014,68.3276,0.0078,68.3354
1015,53.3101,1.1402,54.4503
1016,60.0178,0.0059,60.0237
1017,57.2495,0.0072,57.2567
1018,60.4455,0.0063,60.4518
1019,69.6421,0.0066,69.6487
1020,56.0351,0.9746,57.0097
1021,66.9580,0.0064,66.9644
1022,53.9704,0.0099,53.9803
1023,57.5653,0.0132,57.5785
1024,62.2013,0.0063,62.2076
1025,64.0883,0.8485,64.9368
1026,65.6475,0.0071,65.6546
1027,58.8858,0.0087,58.8945
1028,67.3559,0.0116,67.3675
1029,96.1353,0.0098,96.1451
1030,100.9612,2.1196,103.0808
1031,59.6844,0.0083,59.6927
1032,79.7606,0.0054,79.7660
1033,69.5181,0.0180,69.5361
1034,52.7922,0.0056,52.7978
1035,61.1185,0.7877,61.9062
1036,59.7198,0.0055,59.7253
1037,67.8170,0.0062,67.8232
1038,74.1796,0.0067,74.1863
1039,60.9878,0.0069,60.9947
1040,61.2224,0.8208,62.0432
1041,62.0598,0.0078,62.0676
1042,55.7322,0.0056,55.7378
1043,73.5171,0.0070,73.5241
1044,65.3369,0.0076,65.3445
1045,79.1491,0.9117,80.0608
1046,90.8420,0.0063,90.8483
1047,67.2918,0.0069,67.2987
1048,78.5591,0.0084,78.5675
1049,51.7495,0.0057,51.7552
1050,53.0675,410.4261,463.4936
1051,48.5924,0.0064,48.5988
1052,53.3538,0.0058,53.3596
1053,53.9522,0.0058,53.9580
1054,56.4219,0.0058,56.4277
1055,59.2710,0.7289,59.9999
1056,55.1337,0.0055,55.1392
1057,53.9413,0.0049,53.9462
1058,57.5241,0.0060,57.5301
1059,57.6956,0.0052,57.7008
1060,60.2753,0.8399,61.1152
1061,50.8560,0.0109,50.8669
1062,51.6272,0.0046,51.6318
1063,53.8227,0.0050,53.8277
1064,53.4591,0.0064,53.4655
1065,53.6915,0.7577,54.4492
1066,52.3902,0.0053,52.3955
1067,53.7871,0.0050,53.7921
1068,54.2866,0.0060,54.2926
1069,52.5495,0.0041,52.5536
1070,53.7586,0.7183,54.4769
1071,54.0757,0.0050,54.0807
1072,54.7781,0.0063,54.7844
1073,65.4397,0.0058,65.4455
1074,59.6623,0.0088,59.6711
1075,54.3048,1.9299,56.2347
1076,62.8716,0.0049,62.8765
1077,62.4699,0.0101,62.4800
1078,56.7975,0.0062,56.8037
1079,59.1404,0.0094,59.1498
1080,73.0217,0.8963,73.9180
1081,65.4305,0.0091,65.4396
1082,62.9515,0.0095,62.9610
1083,61.7719,0.0079,61.7798
1084,61.2832,0.0064,61.2896
1085,67.4914,0.7399,68.2313
1086,62.7571,0.0044,62.7615
1087,65.3237,0.0054,65.3291
1088,64.8561,0.0070,64.8631
1089,62.9803,0.0082,62.9885
1090,74.5871,0.8181,75.4052
1091,64.0181,0.0061,64.0242
1092,72.8171,0.0066,72.8237
1093,74.1232,0.0088,74.1320
1094,67.8118,0.0082,67.8200
1095,76.2883,1.0298,77.3181
1096,78.0060,0.0138,78.0198
1097,72.0883,0.0115,72.0998
1098,67.1516,0.0118,67.1634
1099,58.5929,0.0065,58.5994
1100,56.5038,1.1271,57.6309
1101,55.7475,0.0068,55.7543
1102,53.4143,0.0067,53.4210
1103,59.8739,0.0059,59.8798
1104,61.9491,0.0107,61.9598
1105,103.0938,1.1417,104.2355
1106,92.2223,0.0141,92.2364
1107,83.1989,0.0078,83.2067
1108,66.5532,0.0087,66.5619
1109,71.9668,0.0156,71.9824
1110,64.8791,0.6547,65.5338
1111,62.5985,0.0078,62.6063
1112,58.7174,0.0057,58.7231
1113,57.5434,0.0056,57.5490
1114,60.1312,0.0062,60.1374
1115,58.6038,0.7497,59.3535
1116,57.0839,0.0093,57.0932
1117,66.7090,0.0070,66.7160
1118,74.6538,0.0071,74.6609
1119,61.4903,0.0069,61.4972
1120,56.1106,0.9378,57.0484
1121,71.5995,0.0090,71.6085
1122,59.4584,0.0058,59.4642
1123,66.6826,0.0075,66.6901
1124,62.2243,0.0058,62.2301
1125,64.8948,0.8739,65.7687
1126,62.8904,0.0051,62.8955
1127,70.6535,0.0062,70.6597
1128,61.5749,0.0074,61.5823
1129,53.0404,0.0076,53.0480
1130,67.9814,0.6655,68.6469
1131,72.2003,0.0067,72.2070
1132,59.6667,0.0068,59.6735
1133,49.8216,0.0054,49.8270
1134,71.8181,0.0050,71.8231
1135,75.6836,1.1651,76.8487
1136,90.0363,0.0110,90.0473
1137,59.2307,0.0053,59.2360
1138,89.2879,0.0077,89.2956
1139,62.9763,0.0069,62.9832
1140,80.7833,0.5918,81.3751
1141,77.8152,0.0087,77.8239
1142,62.2238,0.0059,62.2297
1143,74.3142,0.0077,74.3219
1144,88.2368,0.0106,88.2474
1145,95.7393,0.7877,96.5270
1146,93.5347,0.0130,93.5477
1147,89.7889,0.0066,89.7955
1148,105.3704,0.0101,105.3805
1149,74.0193,0.0166,74.0359
1150,66.8845,0.9042,67.7887
1151,53.9376,0.0058,53.9434
1152,54.6008,0.0067,54.6075
1153,53.1667,0.0072,53.1739
1154,51.9934,0.0055,51.9989
1155,53.7162,0.6378,54.3540
1156,52.2638,0.0062,52.2700
1157,52.2571,0.0045,52.2616
1158,50.2905,0.0044,50.2949
1159,53.1061,0.0054,53.1115
1160,57.2111,0.6861,57.8972
1161,53.6770,0.0052,53.6822
1162,53.1910,0.0055,53.1965
1163,53.2152,0.0057,53.2209
1164,49.8572,0.0061,49.8633
1165,53.9411,0.6457,54.5868
1166,53.7666,0.0054,53.7720
1167,54.0545,0.0067,54.0612
1168,54.5928,0.0054,54.5982
1169,51.3138,0.0052,51.3190
1170,52.6268,0.6337,53.2605
1171,53.2997,0.0048,53.3045
1172,54.0293,0.0052,54.0345
1173,53.5766,0.0071,53.5837
1174,49.0443,0.0047,49.0490
1175,66.4850,0.7269,67.2119
1176,68.6570,0.0061,68.6631
1177,59.5341,0.0060,59.5401
1178,60.6543,0.0062,60.6605
1179,62.7393,0.0072,62.7465
1180,59.6843,0.6730,60.3573
1181,69.8346,0.0061,69.8407
1182,64.6222,0.0073,64.6295
1183,59.2797,0.0064,59.2861
1184,61.0980,0.0075,61.1055
1185,60.3308,0.7568,61.0876
1186,58.0365,0.0066,58.0431
1187,62.1067,0.0065,62.1132
1188,60.3290,0.0064,60.3354
1189,60.5356,0.0061,60.5417
1190,62.4608,0.9560,63.4168
1191,61.7979,0.0073,61.8052
1192,59.4470,0.0051,59.4521
1193,62.6059,0.0053,62.6112
1194,75.3782,0.0091,75.3873
1195,76.7315,1.2141,77.9456
1196,84.5864,0.0082,84.5946
1197,71.4491,0.0118,71.4609
1198,81.3284,0.0074,81.3358
1199,82.3959,0.0075,82.4034
1200,54.6988,0.6839,55.3827
1201,57.8042,0.0081,57.8123
1202,56.0209,0.0060,56.0269
1203,56.7295,0.0084,56.7379
1204,53.4093,0.0047,53.4140
1205,53.4258,0.7666,54.1924
1206,50.3656,0.0060,50.3716
1207,53.0128,0.0064,53.0192
1208,50.1000,0.0056,50.1056
1209,60.4260,0.0084,60.4344
1210,46.9972,0.6149,47.6121
1211,49.3217,0.0054,49.3271
1212,49.9694,0.0075,49.9769
1213,48.0257,0.0185,48.0442
1214,51.5041,0.0059,51.5100
1215,49.7101,0.6128,50.3229
1216,49.5291,0.0063,49.5354
1217,46.5866,0.0065,46.5931
1218,48.5965,0.0050,48.6015
1219,51.1603,0.0134,51.1737
1220,48.0258,0.7934,48.8192
1221,53.1458,0.0060,53.1518
1222,60.4715,0.0050,60.4765
1223,50.6440,0.0074,50.6514
1224,66.2811,0.0049,66.2860
1225,71.6841,0.7781,72.4622
1226,55.5635,0.0057,55.5692
1227,57.5976,0.0051,57.6027
1228,63.8466,0.0064,63.8530
1229,62.7988,0.0061,62.8049
1230,56.5947,0.9509,57.5456
1231,56.1528,0.0067,56.1595
1232,58.6384,0.0084,58.6468
1233,57.0561,0.0076,57.0637
1234,56.5449,0.0059,56.5508
1235,64.6322,0.7260,65.3582
1236,61.5806,0.0085,61.5891
1237,54.8025,0.0062,54.8087
1238,59.5949,0.0070,59.6019
1239,67.1739,0.0082,67.1821
1240,55.5573,1.4847,57.0420
1241,61.5942,0.0064,61.6006
1242,61.1162,0.0150,61.1312
1243,55.3167,0.0068,55.3235
1244,60.0417,0.0119,60.0536
1245,74.7788,1.1773,75.9561
1246,71.2137,0.0134,71.2271
1247,67.5508,0.0079,67.5587
1248,63.7615,0.0063,63.7678
1249,70.6386,0.0099,70.6485
1250,51.3451,0.8638,52.2089
1251,49.4444,0.0076,49.4520
1252,52.2908,0.0096,52.3004
1253,49.6862,0.0061,49.6923
1254,48.2724,0.0091,48.2815
1255,50.4248,0.9438,51.3686
1256,50.1660,0.0115,50.1775
1257,51.2758,0.0051,51.2809
1258,50.4166,0.0136,50.4302
1259,50.8125,0.0069,50.8194
1260,61.7449,77.6691,139.4140
1261,49.4522,0.0074,49.4596
1262,49.1454,0.0136,49.1590
1263,50.3495,0.0056,50.3551
1264,50.7907,0.0064,50.7971
1265,50.2467,13.9981,64.2448
1266,52.3352,0.0046,52.3398
1267,50.0573,0.0049,50.0622
1268,51.1780,0.0059,51.1839
1269,50.0409,0.0050,50.0459
1270,49.5686,13.7811,63.3497
1271,50.3813,0.0058,50.3871
1272,50.9030,0.0042,50.9072
1273,49.8945,0.0049,49.8994
1274,52.4656,0.0138,52.4794
1275,52.4574,12.8761,65.3335
1276,50.6817,0.0148,50.6965
1277,50.8237,0.0090,50.8327
1278,51.1717,0.0109,51.1826
1279,50.9956,0.0052,51.0008
1280,57.5142,13.3626,70.8768
1281,51.2953,0.0052,51.3005
1282,52.8115,0.0049,52.8164
1283,50.3865,0.0048,50.3913
1284,50.2604,0.0049,50.2653
1285,49.4834,16.3392,65.8226
1286,52.6258,0.0064,52.6322
1287,51.4844,0.0050,51.4894
1288,52.5071,0.0059,52.5130
1289,50.8466,0.0057,50.8523
1290,50.9628,13.9637,64.9265
1291,51.4202,0.0063,51.4265
1292,50.7354,0.0055,50.7409
1293,55.2158,0.0108,55.2266
1294,54.6569,0.0070,54.6639
1295,72.3825,16.7353,89.1178
1296,64.6742,0.0090,64.6832
1297,73.8167,0.0085,73.8252
1298,66.2706,0.0067,66.2773
1299,70.4736,0.0057,70.4793
1300,51.1971,14.7956,65.9927
1301,52.6908,0.0047,52.6955
1302,57.1513,0.0055,57.1568
1303,51.3780,0.0146,51.3926
1304,50.9659,0.0063,50.9722
1305,52.4976,13.5898,66.0874
1306,50.6576,0.0058,50.6634
1307,49.5191,0.0056,49.5247
1308,51.4093,0.0051,51.4144
1309,51.0084,0.0041,51.0125
1310,51.3233,14.2105,65.5338
1311,52.9187,0.0068,52.9255
1312,51.2428,0.0053,51.2481
1313,50.8705,0.0044,50.8749
1314,52.9807,0.0085,52.9892
1315,49.0135,13.9705,62.9840
1316,55.2875,0.0050,55.2925
1317,51.1269,0.0047,51.1316
1318,50.7036,0.0051,50.7087
1319,50.0400,0.0052,50.0452
1320,47.2265,14.4466,61.6731
1321,55.8371,0.0066,55.8437
1322,49.9838,0.0050,49.9888
1323,57.2003,0.0051,57.2054
1324,51.0334,0.0053,51.0387
1325,47.8759,14.8862,62.7621
1326,53.0059,0.0059,53.0118
1327,50.7392,0.0058,50.7450
1328,51.3219,0.0051,51.3270
1329,51.6170,0.0092,51.6262
1330,50.4254,12.9131,63.3385
1331,49.7216,0.0062,49.7278
1332,59.8705,0.0077,59.8782
1333,62.4880,0.0069,62.4949
1334,54.8913,0.0057,54.8970
1335,65.6887,14.3158,80.0045
1336,54.8746,0.0080,54.8826
1337,52.1278,0.0059,52.1337
1338,73.7016,0.0056,73.7072
1339,50.7158,0.0068,50.7226
1340,61.6084,14.4154,76.0238
1341,54.8836,0.0090,54.8926
1342,60.0981,0.0066,60.1047
1343,73.7300,0.0080,73.7380
1344,64.6542,0.0067,64.6609
1345,73.9284,18.3194,92.2478
1346,73.5771,0.0069,73.5840
1347,64.9001,0.0063,64.9064
1348,68.0120,0.0074,68.0194
1349,90.5861,0.0056,90.5917
1350,51.9286,394.1366,446.0652
1351,46.0060,0.0081,46.0141
1352,52.6451,0.0086,52.6537
1353,52.5541,0.0062,52.5603
1354,53.5789,0.0055,53.5844
1355,60.8030,0.8007,61.6037
1356,60.3630,0.0099,60.3729
1357,52.1857,0.0057,52.1914
1358,52.8414,0.0058,52.8472
1359,53.1591,0.0047,53.1638
1360,52.5489,0.6450,53.1939
1361,52.7892,0.0051,52.7943
1362,53.0610,0.0062,53.0672
1363,52.1418,0.0183,52.1601
1364,53.8263,0.0057,53.8320
1365,53.0336,0.6634,53.6970
1366,59.8148,0.0077,59.8225
1367,57.0288,0.0055,57.0343
1368,56.7595,0.0068,56.7663
1369,57.2390,0.0059,57.2449
1370,55.3415,506.7807,562.1222
1371,50.9386,0.0055,50.9441
1372,59.6292,0.0077,59.6369
1373,58.2982,0.0050,58.3032
1374,58.0169,0.0058,58.0227
1375,55.6523,0.9669,56.6192
1376,52.3807,0.0059,52.3866
1377,51.7921,0.0053,51.7974
1378,51.2483,0.0054,51.2537
1379,51.7257,0.0051,51.7308
1380,50.6194,0.7110,51.3304
1381,48.4997,0.0059,48.5056
1382,53.0309,0.0055,53.0364
1383,52.2108,0.0050,52.2158
1384,50.7861,0.0046,50.7907
1385,48.4295,11.0679,59.4974
1386,47.9325,0.0063,47.9388
1387,51.1460,0.0051,51.1511
1388,50.5196,0.0061,50.5257
1389,48.8410,0.0047,48.8457
1390,49.6922,11.3291,61.0213
1391,49.2460,0.0050,49.2510
1392,56.9083,0.0060,56.9143
1393,58.5982,0.0133,58.6115
1394,56.3698,0.0053,56.3751
1395,65.6235,14.5798,80.2033
1396,59.7985,0.0103,59.8088
1397,59.3218,0.0067,59.3285
1398,51.9740,0.0052,51.9792
1399,52.0246,0.0052,52.0298
1400,51.3962,13.6929,65.0891
1401,50.5327,0.0096,50.5423
1402,51.9594,0.0054,51.9648
1403,52.9082,0.0051,52.9133
1404,50.5434,0.0055,50.5489
1405,47.5061,11.2658,58.7719
1406,47.7174,0.0059,47.7233
1407,53.2475,0.0051,53.2526
1408,51.6189,0.0046,51.6235
1409,50.3830,0.0050,50.3880
1410,51.6801,10.5411,62.2212
1411,51.5826,0.0061,51.5887
1412,50.8228,0.0052,50.8280
1413,51.3189,0.0057,51.3246
1414,52.9603,0.0058,52.9661
1415,51.3164,12.3770,63.6934
1416,49.1431,0.0058,49.1489
1417,50.7885,0.0056,50.7941
1418,51.4348,0.0055,51.4403
1419,53.1539,0.0048,53.1587
1420,52.5923,0.8289,53.4212
1421,53.1728,0.0049,53.1777
1422,51.8312,0.0072,51.8384
1423,53.8351,0.0070,53.8421
1424,62.0833,0.0057,62.0890
1425,57.4022,1.1193,58.5215
1426,57.7286,0.0054,57.7340
1427,74.6035,0.0106,74.6141
1428,69.4894,0.0061,69.4955
1429,51.2913,0.0071,51.2984
1430,58.0029,0.9422,58.9451
1431,59.6277,0.0062,59.6339
1432,64.2846,0.0073,64.2919
1433,65.3099,0.0063,65.3162
1434,57.9219,0.0099,57.9318
1435,52.1864,0.7588,52.9452
1436,66.8988,0.0052,66.9040
1437,69.5394,0.0090,69.5484
1438,62.2723,0.0050,62.2773
1439,52.3387,0.0056,52.3443
1440,63.3119,1.2247,64.5366
1441,64.6835,0.0059,64.6894
1442,74.3447,0.0078,74.3525
1443,71.0772,0.0059,71.0831
1444,78.1555,0.0197,78.1752
1445,89.2816,1.3202,90.6018
1446,72.7069,0.0077,72.7146
1447,56.1187,0.0065,56.1252
1448,116.8769,0.0064,116.8833
1449,75.8648,0.0149,75.8797
1450,57.9714,1.2605,59.2319
1451,50.3322,0.0056,50.3378
1452,68.0881,0.0088,68.0969
1453,74.0250,0.0093,74.0343
1454,85.7416,0.0091,85.7507
1455,78.4161,0.7877,79.2038
1456,67.5291,0.0058,67.5349
1457,71.1339,0.0078,71.1417
1458,66.2658,0.0055,66.2713
1459,70.7269,0.0093,70.7362
1460,71.1419,0.8377,71.9796
1461,72.5186,0.0065,72.5251
1462,73.6195,0.0056,73.6251
1463,63.3311,0.0058,63.3369
1464,64.3565,0.0089,64.3654
1465,71.0767,1.0544,72.1311
1466,67.9795,0.0058,67.9853
1467,60.8483,0.0060,60.8543
1468,58.5783,0.0046,58.5829
1469,62.2617,0.0065,62.2682
1470,57.1890,421.2134,478.4024
1471,47.0145,0.0057,47.0202
1472,50.9519,0.0050,50.9569
1473,50.5686,0.0047,50.5733
1474,51.8165,0.0083,51.8248
1475,55.1967,0.6684,55.8651
1476,54.1991,0.0066,54.2057
1477,49.4332,0.0062,49.4394
1478,47.6380,0.0054,47.6434
1479,50.6252,0.0053,50.6305
1480,53.2740,1.2208,54.4948
1481,52.5545,0.0054,52.5599
1482,50.5421,0.0062,50.5483
1483,50.7743,0.0049,50.7792
1484,54.7552,0.0055,54.7607
1485,50.2082,0.6535,50.8617
1486,49.6584,0.0062,49.6646
1487,48.7048,0.0045,48.7093
1488,50.2092,0.0057,50.2149
1489,49.3742,0.0050,49.3792
1490,49.1480,1.0616,50.2096
1491,50.2477,0.0071,50.2548
1492,51.7154,0.0051,51.7205
1493,53.9528,0.0050,53.9578
1494,58.6942,0.0069,58.7011
1495,58.6372,1.1206,59.7578
1496,71.4857,0.0093,71.4950
1497,63.9969,0.0067,64.0036
1498,67.5754,0.0064,67.5818
1499,84.0834,0.0096,84.0930
1500,54.4268,0.7714,55.1982
1501,49.2266,0.0064,49.2330
1502,52.1561,0.0052,52.1613
1503,51.6951,0.0049,51.7000
1504,50.1575,0.0053,50.1628
1505,48.5574,0.7904,49.3478
1506,52.4045,0.0045,52.4090
1507,51.7439,0.0072,51.7511
1508,50.2952,0.0060,50.3012
1509,52.2302,0.0062,52.2364
1510,51.0407,1.0214,52.0621
1511,47.9779,0.0045,47.9824
1512,55.8127,0.0052,55.8179
1513,51.6384,0.0048,51.6432
1514,51.1458,0.0051,51.1509
1515,49.4019,0.7437,50.1456
1516,49.0395,0.0046,49.0441
1517,50.4441,0.0040,50.4481
1518,50.2495,0.0045,50.2540
1519,52.5296,0.0063,52.5359
1520,51.4125,0.9912,52.4037
1521,55.7413,0.0053,55.7466
1522,66.9925,0.0070,66.9995
1523,62.6785,0.0055,62.6840
1524,58.3161,0.0085,58.3246
1525,59.9895,0.7587,60.7482
1526,62.3463,0.0059,62.3522
1527,51.2409,0.0053,51.2462
1528,65.9316,0.0054,65.9370
1529,67.9318,0.0066,67.9384
1530,62.1824,0.9656,63.1480
1531,56.7811,0.0061,56.7872
1532,58.8448,0.0111,58.8559
1533,64.6783,0.0053,64.6836
1534,68.8629,0.0081,68.8710
1535,70.6965,0.6107,71.3072
1536,107.0350,0.0081,107.0431
1537,85.2065,0.0085,85.2150
1538,68.9052,0.0118,68.9170
1539,111.0953,0.0063,111.1016
1540,72.7961,0.6192,73.4153
1541,69.1951,0.0067,69.2018
1542,61.4629,0.0069,61.4698
1543,70.1016,0.0071,70.1087
1544,70.9200,0.0061,70.9261
1545,85.5266,0.9236,86.4502
1546,65.0249,0.0069,65.0318
1547,79.2248,0.0062,79.2310
1548,59.7384,0.0059,59.7443
1549,93.4582,0.0060,93.4642
1550,50.5789,0.9187,51.4976
1551,51.8427,0.0049,51.8476
1552,53.3264,0.0046,53.3310
1553,52.4081,0.0050,52.4131
1554,50.2358,0.0049,50.2407
1555,51.0841,404.1820,455.2661
1556,46.9692,0.0048,46.9740
1557,51.5217,0.0049,51.5266
1558,52.0063,0.0061,52.0124
1559,54.7058,0.0062,54.7120
1560,60.3586,13.8105,74.1691
1561,50.6884,0.0065,50.6949
1562,56.8298,0.0054,56.8352
1563,55.5361,0.0141,55.5502
1564,54.3699,0.0062,54.3761
1565,51.7778,0.7711,52.5489
1566,54.1814,0.0051,54.1865
1567,50.3674,0.0060,50.3734
1568,51.4955,0.0052,51.5007
1569,57.8923,0.0059,57.8982
1570,57.7122,0.7943,58.5065
1571,56.0736,0.0044,56.0780
1572,58.0173,0.0074,58.0247
1573,56.9587,0.0058,56.9645
1574,59.3871,0.0062,59.3933
1575,57.4413,0.6726,58.1139
1576,57.4327,0.0053,57.4380
1577,55.0911,0.0053,55.0964
1578,58.9111,0.0051,58.9162
1579,56.4468,0.0065,56.4533
1580,58.5829,0.8288,59.4117
1581,57.8963,0.0046,57.9009
1582,61.8227,0.0051,61.8278
1583,60.5052,0.0052,60.5104
1584,54.3616,0.0049,54.3665
1585,54.9102,0.8781,55.7883
1586,53.6216,0.0056,53.6272
1587,50.6967,0.0082,50.7049
1588,53.8245,0.0056,53.8301
1589,51.8627,0.0052,51.8679
1590,54.5998,0.7445,55.3443
1591,53.4124,0.0101,53.4225
1592,51.0807,0.0062,51.0869
1593,75.1864,0.0068,75.1932
1594,86.2573,0.0061,86.2634
1595,79.3686,1.0603,80.4289
1596,64.0440,0.0056,64.0496
1597,86.5453,0.0111,86.5564
1598,93.8384,0.0119,93.8503
1599,68.5817,0.0052,68.5869
1600,56.9505,0.9174,57.8679
1601,58.5364,0.0064,58.5428
1602,54.9186,0.0063,54.9249
1603,54.5760,0.0065,54.5825
1604,55.6279,0.0063,55.6342
1605,61.3679,0.8327,62.2006
1606,53.2309,0.0049,53.2358
1607,56.3508,0.0058,56.3566
1608,48.5064,0.0064,48.5128
1609,52.2904,0.0059,52.2963
1610,49.1214,0.8123,49.9337
1611,49.4745,0.0061,49.4806
1612,56.5200,0.0057,56.5257
1613,78.6290,0.0120,78.6410
1614,74.8039,0.0072,74.8111
1615,76.3504,1.0829,77.4333
1616,61.3408,0.0066,61.3474
1617,53.4662,0.0061,53.4723
1618,60.1693,0.0064,60.1757
1619,59.0259,0.0063,59.0322
1620,72.2693,0.8006,73.0699
1621,65.2839,0.0063,65.2902
1622,62.5103,0.0056,62.5159
1623,60.5914,0.0053,60.5967
1624,69.7702,0.0090,69.7792
1625,59.5635,0.7632,60.3267
1626,53.3841,0.0063,53.3904
1627,60.4262,0.0045,60.4307
1628,72.1410,0.0100,72.1510
1629,57.9188,0.0075,57.9263
1630,53.0750,0.7217,53.7967
1631,63.7962,0.0048,63.8010
1632,66.1581,0.0069,66.1650
1633,63.3849,0.0066,63.3915
1634,64.6466,0.0098,64.6564
1635,62.2911,1.1443,63.4354
1636,70.2593,0.0136,70.2729
1637,72.8404,0.0111,72.8515
1638,66.1437,0.0054,66.1491
1639,62.6675,0.0059,62.6734
1640,60.0774,0.8964,60.9738
1641,63.3871,0.0057,63.3928
1642,67.0811,0.0103,67.0914
1643,62.7687,0.0092,62.7779
1644,65.1206,0.0100,65.1306
1645,76.0711,1.0094,77.0805
1646,83.2590,0.0097,83.2687
1647,73.3752,0.0082,73.3834
1648,55.7701,0.0089,55.7790
1649,94.7964,0.0050,94.8014
1650,50.1366,0.8726,51.0092
1651,50.7496,0.0059,50.7555
1652,49.9712,0.0050,49.9762
1653,50.1399,0.0043,50.1442
1654,49.3418,0.0136,49.3554
1655,59.2101,404.1601,463.3702
1656,51.5048,0.0065,51.5113
1657,69.5782,0.0120,69.5902
1658,65.6889,0.0064,65.6953
1659,64.5819,0.0092,64.5911
1660,55.9905,1.0020,56.9925
1661,59.3940,0.0061,59.4001
1662,54.5443,0.0076,54.5519
1663,49.8046,0.0048,49.8094
1664,49.3495,0.0135,49.3630
1665,49.9342,0.7500,50.6842
1666,51.7296,0.0067,51.7363
1667,50.4149,0.0058,50.4207
1668,50.5661,0.0046,50.5707
1669,56.6878,0.0056,56.6934
1670,52.4785,0.6751,53.1536
1671,54.1712,0.0054,54.1766
1672,55.0599,0.0116,55.0715
1673,54.2918,0.0081,54.2999
1674,63.3100,0.0112,63.3212
1675,55.7490,0.6680,56.4170
1676,54.6128,0.0049,54.6177
1677,51.4609,0.0115,51.4724
1678,54.1570,0.0069,54.1639
1679,55.3518,0.0067,55.3585
1680,56.7044,0.8309,57.5353
1681,53.9883,0.0059,53.9942
1682,52.3925,0.0085,52.4010
1683,64.3353,0.0060,64.3413
1684,67.1580,0.0070,67.1650
1685,55.9485,0.6303,56.5788
1686,63.4360,0.0052,63.4412
1687,66.4367,0.0105,66.4472
1688,58.3836,0.0128,58.3964
1689,58.2146,0.0048,58.2194
1690,67.0257,0.7495,67.7752
1691,62.1639,0.0064,62.1703
1692,82.1650,0.0071,82.1721
1693,103.9335,0.0063,103.9398
1694,92.0937,0.0083,92.1020
1695,94.9750,0.9072,95.8822
1696,72.3061,0.0066,72.3127
1697,68.4061,0.0118,68.4179
1698,74.5373,0.0068,74.5441
1699,59.3124,0.0057,59.3181
1700,53.4415,0.6408,54.0823
1701,48.5514,0.0077,48.5591
1702,53.5914,0.0048,53.5962
1703,51.3335,0.0047,51.3382
1704,52.0722,0.0059,52.0781
1705,51.9888,0.8879,52.8767
1706,48.6851,0.0158,48.7009
1707,52.6876,0.0055,52.6931
1708,51.7748,0.0053,51.7801
1709,51.3607,0.0048,51.3655
1710,52.3467,0.6885,53.0352
1711,50.2088,0.0067,50.2155
1712,50.8928,0.0074,50.9002
1713,53.9217,0.0057,53.9274
1714,51.6113,0.0125,51.6238
1715,52.1842,480.2860,532.4702
1716,48.4029,0.0059,48.4088
1717,53.8606,0.0051,53.8657
1718,57.5177,0.0050,57.5227
1719,55.8697,0.0053,55.8750
1720,57.6654,8.2017,65.8671
1721,50.5109,0.0061,50.5170
1722,53.3891,0.0066,53.3957
1723,51.2901,0.0056,51.2957
1724,51.3377,0.0052,51.3429
1725,53.1211,8.9343,62.0554
1726,51.1989,0.0082,51.2071
1727,53.1892,0.0061,53.1953
1728,54.5818,0.0067,54.5885
1729,56.6360,0.0053,56.6413
1730,58.6820,16.5455,75.2275
1731,53.8680,0.0056,53.8736
1732,61.6324,0.0074,61.6398
1733,57.5349,0.0047,57.5396
1734,60.6035,0.0059,60.6094
1735,55.0257,1.0336,56.0593
1736,57.7454,0.0054,57.7508
1737,58.4753,0.0058,58.4811
1738,61.8347,0.0068,61.8415
1739,58.7962,0.0056,58.8018
1740,79.9019,0.9313,80.8332
1741,84.7096,0.0115,84.7211
1742,66.4486,0.0065,66.4551
1743,85.8954,0.0062,85.9016
1744,77.6521,0.0057,77.6578
1745,82.2504,1.4138,83.6642
1746,88.3112,0.0064,88.3176
1747,72.3033,0.0049,72.3082
1748,94.3346,0.0054,94.3400
1749,81.4578,0.0065,81.4643
1750,55.4284,0.8563,56.2847
1751,54.4799,0.0045,54.4844
1752,52.9060,0.0053,52.9113
1753,53.8454,0.0057,53.8511
1754,53.3006,0.0055,53.3061
1755,52.7421,0.8994,53.6415
1756,52.1954,0.0063,52.2017
1757,53.7262,0.0099,53.7361
1758,52.3030,0.0046,52.3076
1759,50.9052,0.0053,50.9105
1760,53.2893,0.8110,54.1003
1761,55.2303,0.0052,55.2355
1762,54.0807,0.0075,54.0882
1763,52.8945,0.0061,52.9006
1764,53.6647,0.0044,53.6691
1765,56.9917,0.7837,57.7754
1766,52.2545,0.0065,52.2610
1767,60.6153,0.0049,60.6202
1768,57.8012,0.0052,57.8064
1769,85.9281,0.0079,85.9360
1770,99.3327,1.7094,101.0421
1771,93.5454,0.0105,93.5559
1772,70.8918,0.0094,70.9012
1773,68.8705,0.0061,68.8766
1774,67.3961,0.0071,67.4032
1775,58.6917,0.8691,59.5608
1776,61.3296,0.0061,61.3357
1777,62.1571,0.0048,62.1619
1778,67.2135,0.0076,67.2211
1779,53.9580,0.0056,53.9636
1780,66.0573,0.8535,66.9108
1781,71.9252,0.0109,71.9361
1782,66.6338,0.0061,66.6399
1783,66.3130,0.0049,66.3179
1784,70.1865,0.0064,70.1929
1785,73.0896,1.1173,74.2069
1786,64.9976,0.0067,65.0043
1787,73.1734,0.0094,73.1828
1788,71.2019,0.0058,71.2077
1789,75.9983,0.0080,76.0063
1790,73.6072,0.8205,74.4277
1791,67.6077,0.0057,67.6134
1792,81.0886,0.0063,81.0949
1793,73.4212,0.0057,73.4269
1794,72.5969,0.0050,72.6019
1795,83.1169,0.8061,83.9230
1796,89.8172,0.0064,89.8236
1797,81.5937,0.0077,81.6014
1798,75.6052,0.0054,75.6106
1799,60.5849,0.0084,60.5933
1800,51.8546,1.0247,52.8793
1801,63.3824,0.0085,63.3909
1802,63.4675,0.0088,63.4763
1803,73.2328,0.0086,73.2414
1804,60.4389,0.0076,60.4465
1805,60.0104,0.8080,60.8184
1806,54.7273,0.0055,54.7328
1807,54.8007,0.0057,54.8064
1808,52.3334,0.0048,52.3382
1809,55.6027,0.0073,55.6100
1810,52.9720,0.7388,53.7108
1811,57.7751,0.0054,57.7805
1812,51.9554,0.0057,51.9611
1813,50.4687,0.0060,50.4747
1814,54.5580,0.0239,54.5819
1815,52.9189,487.9298,540.8487
1816,54.6229,0.0055,54.6284
1817,61.0126,0.0071,61.0197
1818,65.5222,0.0063,65.5285
1819,53.7354,0.0062,53.7416
1820,58.5490,0.6261,59.1751
1821,53.0032,0.0052,53.0084
1822,51.9180,0.0049,51.9229
1823,53.0323,0.0075,53.0398
1824,51.4944,0.0058,51.5002
1825,54.3172,0.8853,55.2025
1826,53.0747,0.0061,53.0808
1827,52.1712,0.0054,52.1766
1828,55.1316,0.0114,55.1430
1829,56.4994,0.0053,56.5047
1830,58.3021,0.6488,58.9509
1831,54.6874,0.0070,54.6944
1832,54.0989,0.0068,54.1057
1833,64.9572,0.0052,64.9624
1834,59.9889,0.0162,60.0051
1835,54.3772,0.7087,55.0859
1836,54.1192,0.0077,54.1269
1837,55.2632,0.0055,55.2687
1838,57.1586,0.0050,57.1636
1839,54.1412,0.0055,54.1467
1840,54.1662,0.6917,54.8579
1841,65.6553,0.0054,65.6607
1842,66.4866,0.0068,66.4934
1843,67.0515,0.0066,67.0581
1844,95.8018,0.0104,95.8122
1845,125.5425,0.8685,126.4110
1846,91.1459,0.0083,91.1542
1847,85.0500,0.0107,85.0607
1848,77.4180,0.0068,77.4248
1849,71.6851,0.0061,71.6912
1850,53.7696,454.6384,508.4080
1851,45.9447,0.0064,45.9511
1852,53.4243,0.0053,53.4296
1853,55.0307,0.0062,55.0369
1854,61.4034,0.0060,61.4094
1855,58.9150,15.2608,74.1758
1856,57.3713,0.0060,57.3773
1857,53.9050,0.0329,53.9379
1858,53.2372,0.0069,53.2441
1859,53.9686,0.0053,53.9739
1860,54.8769,0.7570,55.6339
1861,54.0244,0.0048,54.0292
1862,54.9301,0.0049,54.9350
1863,57.7648,0.0073,57.7721
1864,55.0943,0.0059,55.1002
1865,54.7411,0.7892,55.5303
1866,56.7225,0.0050,56.7275
1867,56.2624,0.0075,56.2699
1868,61.5640,0.0060,61.5700
1869,58.7945,0.0045,58.7990
1870,58.2280,0.7636,58.9916
1871,55.6181,0.0065,55.6246
1872,54.9584,0.0051,54.9635
1873,58.2733,0.0076,58.2809
1874,60.1033,0.0052,60.1085
1875,56.7338,0.7088,57.4426
1876,58.5524,0.0046,58.5570
1877,56.2328,0.0073,56.2401
1878,54.4465,0.0068,54.4533
1879,55.0984,0.0051,55.1035
1880,59.0729,0.7092,59.7821
1881,55.2184,0.0055,55.2239
1882,53.3757,0.0041,53.3798
1883,54.9195,0.0056,54.9251
1884,52.6587,0.0054,52.6641
1885,54.2476,0.7380,54.9856
1886,53.2421,0.0047,53.2468
1887,49.3588,0.0041,49.3629
1888,54.4529,0.0044,54.4573
1889,55.0695,0.0092,55.0787
1890,52.9351,0.6931,53.6282
1891,58.3558,0.0041,58.3599
1892,56.9603,0.0046,56.9649
1893,62.9317,0.0203,62.9520
1894,60.6407,0.0092,60.6499
1895,75.0457,0.9638,76.0095
1896,88.0383,0.0086,88.0469
1897,75.3448,0.0056,75.3504
1898,91.8984,0.0075,91.9059
1899,57.2401,0.0066,57.2467
1900,53.4362,0.7921,54.2283
1901,47.1216,0.0128,47.1344
1902,50.8858,0.0056,50.8914
1903,49.7880,0.0087,49.7967
1904,49.3146,0.0062,49.3208
1905,49.5022,0.8196,50.3218
1906,50.0605,0.0049,50.0654
1907,53.4231,0.0063,53.4294
1908,47.8804,0.0105,47.8909
1909,50.0319,0.0055,50.0374
1910,50.0822,0.6565,50.7387
1911,54.3725,0.0058,54.3783
1912,48.7822,0.0072,48.7894
1913,50.3998,0.0054,50.4052
1914,48.8721,0.0076,48.8797
1915,51.4068,0.6415,52.0483
1916,48.9123,0.0080,48.9203
1917,61.7695,0.0053,61.7748
1918,62.1507,0.0051,62.1558
1919,61.0915,0.0105,61.1020
1920,57.6278,0.7901,58.4179
1921,57.3283,0.0058,57.3341
1922,66.0372,0.0059,66.0431
1923,61.7116,0.0086,61.7202
1924,68.8898,0.0135,68.9033
1925,91.1810,1.0003,92.1813
1926,111.8731,0.0069,111.8800
1927,76.4163,0.0054,76.4217
1928,77.3666,0.0068,77.3734
1929,60.7206,0.0063,60.7269
1930,64.6411,0.6141,65.2552
1931,80.8423,0.0096,80.8519
1932,64.0819,0.0088,64.0907
1933,61.4613,0.0088,61.4701
1934,64.8603,0.0052,64.8655
1935,69.7186,0.7960,70.5146
1936,68.6483,0.0062,68.6545
1937,61.9822,0.0060,61.9882
1938,59.6483,0.0062,59.6545
1939,75.9055,0.0064,75.9119
1940,67.4173,0.8003,68.2176
1941,63.7057,0.0110,63.7167
1942,60.7298,0.0057,60.7355
1943,71.7658,0.0053,71.7711
1944,66.1043,0.0062,66.1105
1945,80.3328,0.8369,81.1697
1946,75.3045,0.0080,75.3125
1947,68.3953,0.0100,68.4053
1948,64.5869,0.0068,64.5937
1949,61.7260,0.0056,61.7316
1950,52.1915,386.8527,439.0442
1951,47.4112,0.0062,47.4174
1952,50.7207,0.0061,50.7268
1953,55.9395,0.0049,55.9444
1954,55.6491,0.0051,55.6542
1955,53.9307,1.1742,55.1049
1956,58.0731,0.0060,58.0791
1957,59.2317,0.0090,59.2407
1958,56.4231,0.0061,56.4292
1959,51.5973,0.0052,51.6025
1960,49.3506,0.8148,50.1654
1961,50.0901,0.0071,50.0972
1962,50.9318,0.0047,50.9365
1963,53.7535,0.0052,53.7587
1964,51.6841,0.0054,51.6895
1965,55.7364,0.6554,56.3918
1966,52.6978,0.0107,52.7085
1967,53.5471,0.0071,53.5542
1968,58.3871,0.0068,58.3939
1969,54.7159,0.0055,54.7214
1970,54.1812,0.6431,54.8243
1971,55.0072,0.0102,55.0174
1972,52.9277,0.0054,52.9331
1973,55.0536,0.0047,55.0583
1974,57.8041,0.0120,57.8161
1975,54.8729,0.7035,55.5764
1976,55.6537,0.0049,55.6586
1977,57.1955,0.0103,57.2058
1978,54.3177,0.0060,54.3237
1979,54.8365,0.0048,54.8413
1980,59.5412,0.5742,60.1154
1981,56.1265,0.0064,56.1329
1982,54.8920,0.0091,54.9011
1983,60.5195,0.0063,60.5258
1984,60.1246,0.0073,60.1319
1985,58.4285,0.7970,59.2255
1986,61.0577,0.0075,61.0652
1987,63.8133,0.0076,63.8209
1988,61.0434,0.0110,61.0544
1989,57.8307,0.0078,57.8385
1990,58.0166,0.9260,58.9426
1991,64.2043,0.0054,64.2097
1992,61.2210,0.0053,61.2263
1993,66.3383,0.0052,66.3435
1994,77.3399,0.0094,77.3493
1995,73.4042,1.1499,74.5541
1996,81.2611,0.0092,81.2703
1997,59.8065,0.0083,59.8148
1998,75.2072,0.0052,75.2124
1999,67.1381,0.0064,67.1445
2000,52.1796,0.7672,52.9468
2001,51.0862,0.0055,51.0917
2002,72.7119,0.0054,72.7173
2003,86.6824,0.0109,86.6933
2004,81.2843,0.0236,81.3079
2005,65.1473,0.8433,65.9906
2006,67.4680,0.0099,67.4779
2007,62.5699,0.0080,62.5779
2008,56.7284,0.0047,56.7331
2009,66.8216,0.0112,66.8328
2010,62.9619,0.8521,63.8140
2011,63.9398,0.0111,63.9509
2012,60.8856,0.0128,60.8984
2013,57.6319,0.0074,57.6393
2014,60.9744,0.0080,60.9824
2015,58.3123,1.2893,59.6016
2016,63.3508,0.0060,63.3568
2017,59.8217,0.0067,59.8284
2018,55.3987,0.0068,55.4055
2019,55.5522,0.0102,55.5624
2020,56.1331,1.0177,57.1508
2021,54.2980,0.0092,54.3072
2022,56.6902,0.0061,56.6963
2023,52.8742,0.0054,52.8796
2024,51.2702,0.0052,51.2754
2025,52.3842,1.1891,53.5733
2026,53.2083,0.0121,53.2204
2027,52.1934,0.0127,52.2061
2028,50.5172,0.0052,50.5224
2029,51.1960,0.0148,51.2108
2030,56.1426,0.8790,57.0216
2031,76.2578,0.0083,76.2661
2032,56.7446,0.0056,56.7502
2033,55.1085,0.0068,55.1153
2034,60.9989,0.0062,61.0051
2035,58.0399,1.3010,59.3409
2036,50.6533,0.0063,50.6596
2037,58.3486,0.0089,58.3575
2038,54.3374,0.0063,54.3437
2039,54.7372,0.0123,54.7495
2040,57.0593,0.9426,58.0019
2041,58.9226,0.0072,58.9298
2042,61.5890,0.0105,61.5995
2043,59.3673,0.0083,59.3756
2044,59.4672,0.0069,59.4741
2045,61.4224,1.4292,62.8516
2046,72.3862,0.0111,72.3973
2047,76.8579,0.0155,76.8734
2048,63.9421,0.0061,63.9482
2049,57.7311,0.0060,57.7371
2050,49.8643,414.6641,464.5284
2051,45.7417,0.0050,45.7467
2052,52.8227,0.0062,52.8289
2053,55.2720,0.0058,55.2778
2054,60.1282,0.0067,60.1349
2055,68.4714,0.8075,69.2789
2056,61.7392,0.0122,61.7514
2057,52.9283,0.0068,52.9351
2058,53.5039,0.0063,53.5102
2059,52.2829,0.0069,52.2898
2060,51.4393,0.7513,52.1906
2061,52.7164,0.0051,52.7215
2062,52.7815,0.0060,52.7875
2063,55.5721,0.0061,55.5782
2064,60.3197,0.0060,60.3257
2065,63.0027,0.9739,63.9766
2066,55.9850,0.0071,55.9921
2067,59.2961,0.0082,59.3043
2068,54.7049,0.0060,54.7109
2069,54.4576,0.0063,54.4639
2070,53.1826,1.3940,54.5766
2071,55.7117,0.0058,55.7175
2072,54.6081,0.0048,54.6129
2073,61.6493,0.0059,61.6552
2074,59.9162,0.0104,59.9266
2075,59.6855,0.8497,60.5352
2076,55.2532,0.0056,55.2588
2077,57.0026,0.0058,57.0084
2078,54.1481,0.0058,54.1539
2079,52.9106,0.0053,52.9159
2080,51.5589,0.7569,52.3158
2081,51.9006,0.0053,51.9059
2082,52.8425,0.0054,52.8479
2083,56.6156,0.0046,56.6202
2084,61.3129,0.0097,61.3226
2085,72.1166,1.1334,73.2500
2086,83.9730,0.0110,83.9840
2087,74.1423,0.0071,74.1494
2088,54.9421,0.0062,54.9483
2089,69.0806,0.0089,69.0895
2090,93.8616,0.7576,94.6192
2091,50.6979,0.0061,50.7040
2092,52.9885,0.0065,52.9950
2093,61.1974,0.0058,61.2032
2094,59.1296,0.0096,59.1392
2095,55.9225,0.8015,56.7240
2096,62.6194,0.0085,62.6279
2097,58.7410,0.0059,58.7469
2098,54.0704,0.0077,54.0781
2099,56.3221,0.0048,56.3269
2100,50.6951,0.7791,51.4742
2101,56.8183,0.0070,56.8253
2102,55.6448,0.0147,55.6595
2103,56.4928,0.0048,56.4976
2104,52.8687,0.0066,52.8753
2105,56.8636,0.7634,57.6270
2106,52.0256,0.0052,52.0308
2107,52.4336,0.0087,52.4423
2108,53.1999,0.0048,53.2047
2109,52.4992,0.0040,52.5032
2110,53.6200,1.0041,54.6241
2111,52.1976,0.0057,52.2033
2112,52.8036,0.0094,52.8130
2113,55.0199,0.0064,55.0263
2114,53.7389,0.0050,53.7439
2115,56.4710,0.8024,57.2734
2116,53.1525,0.0050,53.1575
2117,58.0921,0.0052,58.0973
2118,53.2320,0.0046,53.2366
2119,52.2065,0.0061,52.2126
2120,52.4058,0.9193,53.3251
2121,53.5433,0.0046,53.5479
2122,53.0138,0.0076,53.0214
2123,56.7714,0.0055,56.7769
2124,51.8834,0.0044,51.8878
2125,52.8656,0.7500,53.6156
2126,52.4308,0.0054,52.4362
2127,53.3737,0.0106,53.3843
2128,51.7347,0.0048,51.7395
2129,55.2640,0.0055,55.2695
2130,57.2003,0.7857,57.9860
2131,57.1975,0.0054,57.2029
2132,57.8561,0.0049,57.8610
2133,57.0075,0.0051,57.0126
2134,56.2447,0.0059,56.2506
2135,56.8433,1.2035,58.0468
2136,54.8538,0.0056,54.8594
2137,58.6741,0.0059,58.6800
2138,54.6925,0.0104,54.7029
2139,53.6948,0.0083,53.7031
2140,61.5094,92.0709,153.5803
2141,47.9690,0.0166,47.9856
2142,50.1863,0.0054,50.1917
2143,65.0284,0.0191,65.0475
2144,53.0215,0.0074,53.0289
2145,56.9096,16.5018,73.4114
2146,64.1011,0.0133,64.1144
2147,56.3567,0.0053,56.3620
2148,50.5953,0.0077,50.6030
2149,50.9054,0.0194,50.9248
2150,52.5946,13.4199,66.0145
2151,57.2925,0.0139,57.3064
2152,52.4269,0.0227,52.4496
2153,51.3908,0.0059,51.3967
2154,52.6306,0.0051,52.6357
2155,50.1917,14.6865,64.8782
2156,51.0505,0.0101,51.0606
2157,52.8951,0.0106,52.9057
2158,50.0161,0.0041,50.0202
2159,52.5691,0.0138,52.5829
2160,50.4351,13.8668,64.3019
2161,51.7062,0.0097,51.7159
2162,51.1456,0.0046,51.1502
2163,51.0651,0.0057,51.0708
2164,51.2011,0.0056,51.2067
2165,52.0671,16.0821,68.1492
2166,49.7091,0.0083,49.7174
2167,52.0739,0.0198,52.0937
2168,50.4044,0.0075,50.4119
2169,53.3729,0.0055,53.3784
2170,50.1464,13.6005,63.7469
2171,51.9008,0.0097,51.9105
2172,51.5799,0.0059,51.5858
2173,51.5812,0.0095,51.5907
2174,50.4778,0.0062,50.4840
2175,51.6889,13.6070,65.2959
2176,49.4757,0.0065,49.4822
2177,50.3581,0.0100,50.3681
2178,50.9398,0.0069,50.9467
2179,52.7815,0.0049,52.7864
2180,51.4295,13.1190,64.5485
2181,53.3214,0.0088,53.3302
2182,51.4870,0.0056,51.4926
2183,54.0017,0.0062,54.0079
2184,51.5491,0.0072,51.5563
2185,51.3512,13.6227,64.9739
2186,49.5379,0.0105,49.5484
2187,54.7458,0.0178,54.7636
2188,55.1055,0.0067,55.1122
2189,55.2983,0.0059,55.3042
2190,56.2632,14.5803,70.8435
2191,54.6841,0.0071,54.6912
2192,50.3146,0.0118,50.3264
2193,62.6598,0.0105,62.6703
2194,58.6424,0.0091,58.6515
2195,66.4577,17.5898,84.0475
2196,60.6657,0.0067,60.6724
2197,68.9551,0.0150,68.9701
2198,69.6771,0.0064,69.6835
2199,57.1191,0.0095,57.1286
2200,50.9460,14.3049,65.2509
2201,53.7919,0.0098,53.8017
2202,50.9244,0.0087,50.9331
2203,51.0448,0.0107,51.0555
2204,50.0014,0.0044,50.0058
2205,53.9619,13.6952,67.6571
2206,51.6399,0.0056,51.6455
2207,51.3906,0.0105,51.4011
2208,51.0134,0.0052,51.0186
2209,51.0519,0.0097,51.0616
2210,57.4891,13.8765,71.3656
2211,52.1118,0.0057,52.1175
2212,49.7575,0.0053,49.7628
2213,51.8070,0.0104,51.8174
2214,51.9843,0.0052,51.9895
2215,51.2860,13.3570,64.6430
2216,52.7947,0.0062,52.8009
2217,52.2468,0.0049,52.2517
2218,51.3472,0.0054,51.3526
2219,56.6168,0.0151,56.6319
2220,51.1836,12.7167,63.9003
2221,53.0773,0.0050,53.0823
2222,50.2244,0.0063,50.2307
2223,51.0123,0.0052,51.0175
2224,50.2979,0.0055,50.3034
2225,53.6716,14.7116,68.3832
2226,51.0106,0.0053,51.0159
2227,50.4757,0.0063,50.4820
2228,53.2691,0.0056,53.2747
2229,53.3098,0.0052,53.3150
2230,51.3602,12.5525,63.9127
2231,53.7533,0.0052,53.7585
2232,49.8696,0.0054,49.8750
2233,51.4541,0.0126,51.4667
2234,51.1185,0.0117,51.1302
2235,51.2495,14.8755,66.1250
2236,49.9668,0.0053,49.9721
2237,52.8992,0.0055,52.9047
2238,55.3364,0.0051,55.3415
2239,50.3947,0.0106,50.4053
2240,51.3810,13.3290,64.7100
2241,51.5885,0.0070,51.5955
2242,51.8638,0.0055,51.8693
2243,69.2137,0.0088,69.2225
2244,60.9271,0.0063,60.9334
2245,85.9332,18.0025,103.9357
2246,68.0252,0.0107,68.0359
2247,64.8215,0.0075,64.8290
2248,63.3096,0.0072,63.3168
2249,58.8286,0.0065,58.8351
2250,51.8584,14.6594,66.5178
2251,59.5377,0.0066,59.5443
2252,55.4388,0.0082,55.4470
2253,56.1529,0.0103,56.1632
2254,55.6310,0.0065,55.6375
2255,56.3406,15.4703,71.8109
2256,59.7043,0.0064,59.7107
2257,56.7925,0.0173,56.8098
2258,52.7889,0.0060,52.7949
2259,50.5625,0.0109,50.5734
2260,56.0961,14.5747,70.6708
2261,56.0687,0.0232,56.0919
2262,57.5737,0.0048,57.5785
2263,54.7364,0.0190,54.7554
2264,55.1262,0.0106,55.1368
2265,47.7974,15.8938,63.6912
2266,46.4066,0.0164,46.4230
2267,48.4551,0.0089,48.4640
2268,50.3249,0.0095,50.3344
2269,47.7708,0.0090,47.7798
2270,50.9846,13.9449,64.9295
2271,49.9359,0.0196,49.9555
2272,48.7796,0.0157,48.7953
2273,49.0772,0.0104,49.0876
2274,50.3286,0.0083,50.3369
2275,49.6591,16.1610,65.8201
2276,47.8172,0.0147,47.8319
2277,46.3103,0.0153,46.3256
2278,48.1125,0.0083,48.1208
2279,48.6412,0.0137,48.6549
2280,49.9720,14.1471,64.1191
2281,48.6905,0.0102,48.7007
2282,55.0244,0.0108,55.0352
2283,47.4518,0.0104,47.4622
2284,59.8452,0.0108,59.8560
2285,59.4106,17.0718,76.4824
2286,46.8477,0.0176,46.8653
2287,66.8099,0.0193,66.8292
2288,50.6119,0.0184,50.6303
2289,56.0109,0.0125,56.0234
2290,57.7988,14.6322,72.4310
2291,53.0764,0.0105,53.0869
2292,57.7947,0.0114,57.8061
2293,60.8338,0.0164,60.8502
2294,62.3246,0.0068,62.3314
2295,70.5344,17.9584,88.4928
2296,62.7754,0.0065,62.7819
2297,60.6619,0.0067,60.6686
2298,62.6768,0.0086,62.6854
2299,57.7426,0.0093,57.7519
2300,50.1073,15.0488,65.1561
2301,50.1694,0.0077,50.1771
2302,48.0553,0.0098,48.0651
2303,48.9356,0.0098,48.9454
2304,49.6932,0.0094,49.7026
2305,49.2284,16.0159,65.2443
2306,47.7046,0.0114,47.7160
2307,58.1936,0.0092,58.2028
2308,51.0226,0.0082,51.0308
2309,48.4210,0.0174,48.4384
2310,50.1597,15.0712,65.2309
2311,49.1189,0.0157,49.1346
2312,50.8239,0.0051,50.8290
2313,48.6357,0.0104,48.6461
2314,49.8465,0.0098,49.8563
2315,49.4860,14.2802,63.7662
2316,48.8764,0.0112,48.8876
2317,53.7338,0.0088,53.7426
2318,50.2030,0.0162,50.2192
2319,50.4193,0.0156,50.4349
2320,50.0792,14.3694,64.4486
2321,49.4557,0.0103,49.4660
2322,49.6164,0.0134,49.6298
2323,50.1090,0.0063,50.1153
2324,48.3976,0.0068,48.4044
2325,49.9133,15.7792,65.6925
2326,47.6778,0.0124,47.6902
2327,49.8305,0.0120,49.8425
2328,51.8531,0.0151,51.8682
2329,49.4917,0.0128,49.5045
2330,50.8012,13.9525,64.7537
2331,48.2853,0.0193,48.3046
2332,53.5052,0.0080,53.5132
2333,57.3168,0.0158,57.3326
2334,58.5054,0.0077,58.5131
2335,55.3872,16.1533,71.5405
2336,48.3359,0.0138,48.3497
2337,59.6741,0.0242,59.6983
2338,56.1294,0.0111,56.1405
2339,58.0722,0.0193,58.0915
2340,55.3749,14.7660,70.1409
2341,52.6677,0.0077,52.6754
2342,66.5239,0.0057,66.5296
2343,58.7345,0.0095,58.7440
2344,52.8518,0.0228,52.8746
2345,79.6607,15.7519,95.4126
2346,64.7374,0.0074,64.7448
2347,66.4007,0.0259,66.4266
2348,62.2158,0.0184,62.2342
2349,58.5341,0.0116,58.5457
2350,52.0158,14.5773,66.5931
2351,49.4810,0.0207,49.5017
2352,51.4333,0.0096,51.4429
2353,50.5018,0.0157,50.5175
2354,50.3652,0.0149,50.3801
2355,50.4969,14.3840,64.8809
2356,53.3648,0.0070,53.3718
2357,48.8032,0.0389,48.8421
2358,48.1218,0.0232,48.1450
2359,48.9057,0.0164,48.9221
2360,49.0820,14.5420,63.6240
2361,49.1882,0.0045,49.1927
2362,54.4800,0.0074,54.4874
2363,49.4402,0.0097,49.4499
2364,49.1826,0.0083,49.1909
2365,49.3307,14.4607,63.7914
2366,48.5413,0.0061,48.5474
2367,50.0704,0.0088,50.0792
2368,49.7967,0.0103,49.8070
2369,49.2827,0.0099,49.2926
2370,54.1147,14.7348,68.8495
2371,51.5815,0.0095,51.5910
2372,48.5663,0.0127,48.5790
2373,47.8790,0.0103,47.8893
2374,49.7983,0.0095,49.8078
2375,49.4517,14.2544,63.7061
2376,49.6983,0.0054,49.7037
2377,49.4867,0.0130,49.4997
2378,46.9610,0.0061,46.9671
2379,57.6350,0.0127,57.6477
2380,64.6175,15.3811,79.9986
2381,48.1910,0.0154,48.2064
2382,61.1751,0.0064,61.1815
2383,59.6151,0.0082,59.6233
2384,52.7296,0.0137,52.7433
2385,64.0168,14.2708,78.2876
2386,49.5352,0.0054,49.5406
2387,54.8606,0.0127,54.8733
2388,55.4433,0.0054,55.4487
2389,58.4892,0.0169,58.5061
2390,56.8300,15.0478,71.8778
2391,51.0539,0.0178,51.0717
2392,60.0682,0.0118,60.0800
2393,72.8446,0.0085,72.8531
2394,63.3824,0.0052,63.3876
2395,87.3553,16.6503,104.0056
2396,64.7008,0.0082,64.7090
2397,61.2471,0.0063,61.2534
2398,85.9449,0.0088,85.9537
2399,52.0708,0.0227,52.0935
2400,48.8395,14.1335,62.9730
2401,49.3992,0.0136,49.4128
2402,50.8220,0.0061,50.8281
2403,46.1402,0.0119,46.1521
2404,53.5628,0.0113,53.5741
2405,50.6562,14.0861,64.7423
2406,48.9603,0.0132,48.9735
2407,47.8219,0.0135,47.8354
2408,49.7953,0.0097,49.8050
2409,50.4454,0.0092,50.4546
2410,49.8419,13.2161,63.0580
2411,50.0044,0.0130,50.0174
2412,49.1037,0.0054,49.1091
2413,50.6364,0.0101,50.6465
2414,51.2618,0.0095,51.2713
2415,49.0128,13.8626,62.8754
2416,52.0915,0.0048,52.0963
2417,49.2320,0.0163,49.2483
2418,48.8850,0.0077,48.8927
2419,51.5946,0.0131,51.6077
2420,49.1251,13.4635,62.5886
2421,49.4405,0.0098,49.4503
2422,52.1240,0.0077,52.1317
2423,59.2168,0.0062,59.2230
2424,63.1037,0.0115,63.1152
2425,58.9290,14.6367,73.5657
2426,54.9034,0.0069,54.9103
2427,64.6093,0.0116,64.6209
2428,59.2654,0.0157,59.2811
2429,61.9074,0.0139,61.9213
2430,63.6307,14.0757,77.7064
2431,54.0535,0.0166,54.0701
2432,56.2712,0.0119,56.2831
2433,60.4556,0.0199,60.4755
2434,57.3803,0.0168,57.3971
2435,62.9244,14.6352,77.5596
2436,53.8290,0.0062,53.8352
2437,62.1429,0.0126,62.1555
2438,62.9458,0.0064,62.9522
2439,63.8166,0.0049,63.8215
2440,63.1429,14.8937,78.0366
2441,56.8141,0.0070,56.8211
2442,67.6973,0.0067,67.7040
2443,67.6203,0.0084,67.6287
2444,72.0284,0.0107,72.0391
2445,65.2109,15.2342,80.4451
2446,80.0023,0.0074,80.0097
2447,70.9677,0.0123,70.9800
2448,64.9021,0.0194,64.9215
2449,66.0792,0.0142,66.0934
2450,56.3510,14.5280,70.8790
2451,53.4955,0.0063,53.5018
2452,50.4024,0.0133,50.4157
2453,52.2452,0.0110,52.2562
2454,51.3986,0.0048,51.4034
2455,53.6797,14.0848,67.7645
2456,48.3229,0.0059,48.3288
2457,46.5713,0.0164,46.5877
2458,48.8182,0.0086,48.8268
2459,52.8101,0.0058,52.8159
2460,51.1304,20.6189,71.7493
2461,47.4431,0.0179,47.4610
2462,50.2538,0.0061,50.2599
2463,51.3757,0.0415,51.4172
2464,51.7234,0.0062,51.7296
2465,51.1140,13.5420,64.6560
2466,49.0106,0.0067,49.0173
2467,50.0080,0.0084,50.0164
2468,48.3098,0.0107,48.3205
2469,50.4206,0.0058,50.4264
2470,50.6353,14.8803,65.5156
2471,51.5252,0.0063,51.5315
2472,48.8955,0.0058,48.9013
2473,51.1725,0.0053,51.1778
2474,57.0855,0.0057,57.0912
2475,51.8888,12.8326,64.7214
2476,50.0807,0.0045,50.0852
2477,50.1139,0.0130,50.1269
2478,50.7001,0.0048,50.7049
2479,50.7303,0.0090,50.7393
2480,48.4605,13.5009,61.9614
2481,55.9447,0.0061,55.9508
2482,48.6671,0.0133,48.6804
2483,50.7623,0.0150,50.7773
2484,50.8666,0.0075,50.8741
2485,49.1629,13.0427,62.2056
2486,51.2991,0.0049,51.3040
2487,49.6429,0.0083,49.6512
2488,50.0189,0.0046,50.0235
2489,50.9973,0.0114,51.0087
2490,50.2235,13.5207,63.7442
2491,52.7739,0.0069,52.7808
2492,51.4962,0.0075,51.5037
2493,57.9275,0.0088,57.9363
2494,53.9136,0.0063,53.9199
2495,72.3270,17.0294,89.3564
2496,68.7834,0.0100,68.7934
2497,69.4887,0.0207,69.5094
2498,59.3888,0.0091,59.3979
2499,50.8950,0.0145,50.9095
2500,51.4797,12.7125,64.1922
2501,50.4211,0.0093,50.4304
2502,55.2921,0.0056,55.2977
2503,50.2118,0.0090,50.2208
2504,50.5118,0.0052,50.5170
2505,50.1813,13.3715,63.5528
2506,49.4567,0.0190,49.4757
2507,54.4713,0.0080,54.4793
2508,50.1283,0.0123,50.1406
2509,49.8897,0.0157,49.9054
2510,52.9354,13.1829,66.1183
2511,52.1017,0.0075,52.1092
2512,50.2946,0.0055,50.3001
2513,62.8374,0.0133,62.8507
2514,50.7437,0.0138,50.7575
2515,50.0615,13.6190,63.6805
2516,51.1009,0.0054,51.1063
2517,50.1914,0.0077,50.1991
2518,49.0045,0.0051,49.0096
2519,51.2464,0.0099,51.2563
2520,47.5893,14.1798,61.7691
2521,49.1531,0.0194,49.1725
2522,50.4796,0.0051,50.4847
2523,49.6886,0.0078,49.6964
2524,49.9104,0.0048,49.9152
2525,50.1850,13.3325,63.5175
2526,49.2660,0.0049,49.2709
2527,48.9410,0.0060,48.9470
2528,48.8899,0.0049,48.8948
2529,54.1824,0.0104,54.1928
2530,50.0835,13.1466,63.2301
2531,51.0934,0.0060,51.0994
2532,49.2021,0.0164,49.2185
2533,50.5203,0.0078,50.5281
2534,48.6931,0.0073,48.7004
2535,51.1582,13.6281,64.7863
2536,51.8797,0.0155,51.8952
2537,49.9359,0.0103,49.9462
2538,49.3007,0.0055,49.3062
2539,49.4626,0.0046,49.4672
2540,49.9477,13.9903,63.9380
2541,51.0739,0.0071,51.0810
2542,55.9803,0.0089,55.9892
2543,65.0552,0.0095,65.0647
2544,59.3198,0.0072,59.3270
2545,74.8331,15.9861,90.8192
2546,61.0060,0.0073,61.0133
2547,63.8069,0.0120,63.8189
2548,67.2265,0.0052,67.2317
2549,59.3422,0.0154,59.3576
2550,51.1917,13.6656,64.8573
2551,50.9252,0.0077,50.9329
2552,49.0500,0.0107,49.0607
2553,49.0046,0.0160,49.0206
2554,50.3006,0.0063,50.3069
2555,50.6486,15.3576,66.0062
2556,47.2947,0.0141,47.3088
2557,49.5272,0.0060,49.5332
2558,50.5733,0.0070,50.5803
2559,54.1316,0.0169,54.1485
2560,51.5799,13.1810,64.7609
2561,51.7825,0.0069,51.7894
2562,48.5690,0.0135,48.5825
2563,53.4132,0.0347,53.4479
2564,52.8509,0.0061,52.8570
2565,50.8079,14.3657,65.1736
2566,49.9240,0.0058,49.9298
2567,48.2285,0.0272,48.2557
2568,49.4627,0.0095,49.4722
2569,49.8398,0.0058,49.8456
2570,51.4046,13.5765,64.9811
2571,50.6144,0.0057,50.6201
2572,46.1535,0.0047,46.1582
2573,50.0862,0.0090,50.0952
2574,48.5109,0.0040,48.5149
2575,49.7339,13.9255,63.6594
2576,47.8800,0.0076,47.8876
2577,47.4981,0.0088,47.5069
2578,49.0504,0.0076,49.0580
2579,48.4748,0.0096,48.4844
2580,50.3095,13.9860,64.2955
2581,51.5193,0.0159,51.5352
2582,65.7769,0.0071,65.7840
2583,63.8769,0.0170,63.8939
2584,68.9991,0.0117,69.0108
2585,61.7386,15.1777,76.9163
2586,51.9614,0.0063,51.9677
2587,62.8847,0.0072,62.8919
2588,61.5059,0.0064,61.5123
2589,67.4569,0.0142,67.4711
2590,60.7029,15.1695,75.8724
2591,56.5238,0.0084,56.5322
2592,59.9396,0.0056,59.9452
2593,68.7749,0.0072,68.7821
2594,69.4357,0.0091,69.4448
2595,75.8778,463.6929,539.5707
2596,46.6117,0.0069,46.6186
2597,50.5786,0.0054,50.5840
2598,54.9090,0.0078,54.9168
2599,60.0530,0.0100,60.0630
2600,57.9019,0.8164,58.7183
2601,67.1134,0.0060,67.1194
2602,60.7685,0.0060,60.7745
2603,60.6698,0.0078,60.6776
2604,55.3902,0.0070,55.3972
2605,59.0543,0.9469,60.0012
2606,54.3286,0.0049,54.3335
2607,54.0990,0.0060,54.1050
2608,55.2397,0.0069,55.2466
2609,67.5286,0.0065,67.5351
2610,57.5955,0.8774,58.4729
2611,53.6160,0.0050,53.6210
2612,57.2166,0.0147,57.2313
2613,54.0313,0.0059,54.0372
2614,54.1467,0.0053,54.1520
2615,54.3277,0.6643,54.9920
2616,75.5904,0.0071,75.5975
2617,86.7684,0.0165,86.7849
2618,86.5525,0.0105,86.5630
2619,66.8671,0.0065,66.8736
2620,61.4668,0.9253,62.3921
2621,60.5546,0.0078,60.5624
2622,54.4511,0.0066,54.4577
2623,53.9818,0.0071,53.9889
2624,55.7413,0.0053,55.7466
2625,55.4829,0.7630,56.2459
2626,55.2185,0.0069,55.2254
2627,56.3605,0.0051,56.3656
2628,56.5136,0.0106,56.5242
2629,57.2706,0.0087,57.2793
2630,68.3445,0.6593,69.0038
2631,65.6967,0.0069,65.7036
2632,64.1969,0.0143,64.2112
2633,60.5871,0.0061,60.5932
2634,57.5752,0.0086,57.5838
2635,67.8616,0.7434,68.6050
2636,83.4272,0.0059,83.4331
2637,85.1806,0.0086,85.1892
2638,124.2597,0.0131,124.2728
2639,76.1850,0.0080,76.1930
2640,81.2640,1.0061,82.2701
2641,85.6783,0.0077,85.6860
2642,626.5310,0.0095,626.5405
2643,134.0772,0.2302,134.3074
2644,117.7888,0.0080,117.7968
2645,118.6822,0.7976,119.4798
2646,92.5266,0.0063,92.5329
2647,110.7630,0.0093,110.7723
2648,103.3001,0.0074,103.3075
2649,85.1133,0.0135,85.1268
2650,55.1424,1.0952,56.2376
2651,53.8800,0.0072,53.8872
2652,56.4934,0.0062,56.4996
2653,56.0614,0.0100,56.0714
2654,53.4757,0.0070,53.4827
2655,51.3100,0.7839,52.0939
2656,57.8025,0.0064,57.8089
2657,64.6104,0.0089,64.6193
2658,63.9717,0.0074,63.9791
2659,62.0575,0.0062,62.0637
2660,58.8943,0.6703,59.5646
2661,56.3851,0.0061,56.3912
2662,56.7806,0.0127,56.7933
2663,60.8469,0.0073,60.8542
2664,60.0684,0.0095,60.0779
2665,57.0350,0.6845,57.7195
2666,58.3254,0.0070,58.3324
2667,60.5156,0.0055,60.5211
2668,61.4400,0.0068,61.4468
2669,61.5140,0.0059,61.5199
2670,59.5645,464.8753,524.4398
2671,53.3599,0.0112,53.3711
2672,56.9141,0.0065,56.9206
2673,66.2970,0.0114,66.3084
2674,56.2089,0.0069,56.2158
2675,63.7026,0.7284,64.4310
2676,53.4118,0.0061,53.4179
2677,121.2683,0.0097,121.2780
2678,76.7411,0.0061,76.7472
2679,61.8968,0.0073,61.9041
2680,58.8140,0.9308,59.7448
2681,57.2692,0.0061,57.2753
2682,60.9504,0.0106,60.9610
2683,58.7244,0.0061,58.7305
2684,69.5878,0.0057,69.5935
2685,77.4478,1.1599,78.6077
2686,77.7194,0.0149,77.7343
2687,81.3220,0.0123,81.3343
2688,89.8567,0.0068,89.8635
2689,117.5986,0.0095,117.6081
2690,111.8810,0.8996,112.7806
2691,100.5954,0.0098,100.6052
2692,91.6158,0.0110,91.6268
2693,116.6818,0.0156,116.6974
2694,104.5483,0.0087,104.5570
2695,90.4892,1.0632,91.5524
2696,82.6534,0.0105,82.6639
2697,106.6283,0.0067,106.6350
2698,87.5673,0.0138,87.5811
2699,83.9505,0.0095,83.9600
2700,67.8988,0.7746,68.6734
2701,73.4662,0.0225,73.4887
2702,66.5770,0.0217,66.5987
2703,73.1532,0.0082,73.1614
2704,84.9114,0.0102,84.9216
2705,95.9741,1.2946,97.2687
2706,82.4418,0.0092,82.4510
2707,75.8755,0.0064,75.8819
2708,68.0159,0.0072,68.0231
2709,77.2254,0.0076,77.2330
2710,59.1497,1.0647,60.2144
2711,61.3060,0.0046,61.3106
2712,60.4305,0.0051,60.4356
2713,59.7699,0.0099,59.7798
2714,60.6175,0.0049,60.6224
2715,62.3173,0.6224,62.9397
2716,57.7351,0.0067,57.7418
2717,71.7779,0.0092,71.7871
2718,70.1409,0.0058,70.1467
2719,70.7986,0.0073,70.8059
2720,72.5608,0.7776,73.3384
2721,59.8498,0.0055,59.8553
2722,76.3389,0.0052,76.3441
2723,150.4966,0.0259,150.5225
2724,119.1486,0.0080,119.1566
2725,97.6502,0.9538,98.6040
2726,89.6961,0.0073,89.7034
2727,78.4760,0.0051,78.4811
2728,84.1172,0.0067,84.1239
2729,74.5645,0.0074,74.5719
2730,72.4940,0.8303,73.3243
2731,65.1482,0.0054,65.1536
2732,80.4860,0.0067,80.4927
2733,60.7601,0.0055,60.7656
2734,73.0775,0.0068,73.0843
2735,64.7330,0.6327,65.3657
2736,77.0630,0.0090,77.0720
2737,55.0699,0.0069,55.0768
2738,68.8454,0.0066,68.8520
2739,68.2139,0.0056,68.2195
2740,70.9390,0.7162,71.6552
2741,69.8954,0.0059,69.9013
2742,59.5742,0.0060,59.5802
2743,89.9210,0.0085,89.9295
2744,60.5823,0.0060,60.5883
2745,75.6436,0.8639,76.5075
2746,89.6253,0.0096,89.6349
2747,99.5791,0.0134,99.5925
2748,72.8459,0.0074,72.8533
2749,91.2981,0.0051,91.3032
2750,58.3706,0.8046,59.1752
2751,61.1176,0.0060,61.1236
2752,59.7766,0.0079,59.7845
2753,63.7748,0.0059,63.7807
2754,63.2375,0.0107,63.2482
2755,61.1975,0.6473,61.8448
2756,63.2019,0.0051,63.2070
2757,86.7736,0.0081,86.7817
2758,52.5972,0.0057,52.6029
2759,53.3985,0.0095,53.4080
2760,67.8708,1.0721,68.9429
2761,57.9975,0.0180,58.0155
2762,55.0279,0.0060,55.0339
2763,53.1760,0.0069,53.1829
2764,220.3959,0.0060,220.4019
2765,60.8283,0.6032,61.4315
2766,66.2065,0.0066,66.2131
2767,227.8523,0.0064,227.8587
2768,103.8738,0.0156,103.8894
2769,106.2140,0.0108,106.2248
2770,99.1795,1.7866,100.9661
2771,72.6165,0.0074,72.6239
2772,69.7591,0.0098,69.7689
2773,81.8635,0.0125,81.8760
2774,67.9997,0.0080,68.0077
2775,66.5115,0.6556,67.1671
2776,69.1526,0.0159,69.1685
2777,54.6091,0.0189,54.6280
2778,61.4757,0.0187,61.4944
2779,73.6806,0.0082,73.6888
2780,58.4838,1.4877,59.9715
2781,58.9406,0.0069,58.9475
2782,61.4317,0.0086,61.4403
2783,66.5282,0.0070,66.5352
2784,55.4188,0.0176,55.4364
2785,57.1093,0.7656,57.8749
2786,64.4950,0.0154,64.5104
2787,67.0390,0.0140,67.0530
2788,64.1166,0.0212,64.1378
2789,56.3289,0.0099,56.3388
2790,55.1437,1.7585,56.9022
2791,56.1873,0.0088,56.1961
2792,87.0654,0.0232,87.0886
2793,76.9968,0.0078,77.0046
2794,67.7593,0.0212,67.7805
2795,96.8686,0.7532,97.6218
2796,94.5752,0.0279,94.6031
2797,100.2396,0.0101,100.2497
2798,113.5399,0.0093,113.5492
2799,91.6461,0.0140,91.6601
2800,69.0069,1.4962,70.5031
2801,69.3872,0.0072,69.3944
2802,63.3107,0.0226,63.3333
2803,69.5051,0.0120,69.5171
2804,67.4309,0.0259,67.4568
2805,65.8878,0.8976,66.7854
2806,63.2392,0.0194,63.2586
2807,57.1771,0.0060,57.1831
2808,61.1016,0.0161,61.1177
2809,61.2819,0.0084,61.2903
2810,56.0911,0.6468,56.7379
2811,55.4082,0.0150,55.4232
2812,59.1288,0.0072,59.1360
2813,68.0405,0.0076,68.0481
2814,51.3484,0.0155,51.3639
2815,50.6725,0.6375,51.3100
2816,52.3453,0.0171,52.3624
2817,48.8657,0.0051,48.8708
2818,50.1282,0.0144,50.1426
2819,51.8469,0.0088,51.8557
2820,51.9591,1.2795,53.2386
2821,53.6052,0.0067,53.6119
2822,54.6457,0.0149,54.6606
2823,76.6130,0.0293,76.6423
2824,90.8194,0.0193,90.8387
2825,57.1630,0.7107,57.8737
2826,52.7309,0.0082,52.7391
2827,67.5593,0.0097,67.5690
2828,58.8702,0.0080,58.8782
2829,56.9955,0.0063,57.0018
2830,68.4291,0.6365,69.0656
2831,60.2106,0.0052,60.2158
2832,57.2932,0.0060,57.2992
2833,58.9680,0.0069,58.9749
2834,57.4427,0.0142,57.4569
2835,64.3412,0.6903,65.0315
2836,78.4425,0.0082,78.4507
2837,54.9894,0.0132,55.0026
2838,67.4083,0.0054,67.4137
2839,59.1664,0.0068,59.1732
2840,52.8736,0.7670,53.6406
2841,63.3568,0.0074,63.3642
2842,64.6749,0.0110,64.6859
2843,94.8461,0.0129,94.8590
2844,81.9240,0.0083,81.9323
2845,77.7911,0.8305,78.6216
2846,63.7254,0.0082,63.7336
2847,74.2354,0.0138,74.2492
2848,85.6581,0.0086,85.6667
2849,56.2818,0.0053,56.2871
2850,51.4459,0.7118,52.1577
2851,53.7794,0.0052,53.7846
2852,52.3603,0.0070,52.3673
2853,48.9733,0.0061,48.9794
2854,49.8118,0.0052,49.8170
2855,52.3384,0.7135,53.0519
2856,51.9720,0.0070,51.9790
2857,53.2559,0.0051,53.2610
2858,51.1268,0.0061,51.1329
2859,47.3223,0.0048,47.3271
2860,50.8746,0.6775,51.5521
2861,53.2668,0.0067,53.2735
2862,51.7599,0.0077,51.7676
2863,51.3535,0.0058,51.3593
2864,51.1522,0.0061,51.1583
2865,54.7735,0.9925,55.7660
2866,54.8033,0.0050,54.8083
2867,56.0645,0.0059,56.0704
2868,63.9137,0.0087,63.9224
2869,58.7994,0.0070,58.8064
2870,51.8652,0.7147,52.5799
2871,52.0713,0.0078,52.0791
2872,56.6785,0.0070,56.6855
2873,56.6582,0.0097,56.6679
2874,50.7232,0.0093,50.7325
2875,55.7797,0.6894,56.4691
2876,57.8077,0.0074,57.8151
2877,56.7857,0.0069,56.7926
2878,55.1302,0.0061,55.1363
2879,65.3108,0.0061,65.3169
2880,65.2094,0.7165,65.9259
2881,50.0437,0.0075,50.0512
2882,61.7354,0.0080,61.7434
2883,59.6266,0.0062,59.6328
2884,55.4658,0.0056,55.4714
2885,80.8712,0.7669,81.6381
2886,54.3660,0.0057,54.3717
2887,53.1776,0.0049,53.1825
2888,69.5124,0.0065,69.5189
2889,62.8957,0.0068,62.9025
2890,52.1771,0.8025,52.9796
2891,62.7768,0.0155,62.7923
2892,60.8331,0.0066,60.8397
2893,61.3553,0.0095,61.3648
2894,74.1788,0.0064,74.1852
2895,67.5024,1.1235,68.6259
2896,64.0700,0.0077,64.0777
2897,65.6352,0.0062,65.6414
2898,82.2059,0.0064,82.2123
2899,59.2700,0.0056,59.2756
2900,55.1930,7.9535,63.1465
2901,46.8392,0.0067,46.8459
2902,51.0933,0.0054,51.0987
2903,52.6614,0.0054,52.6668
2904,50.9321,0.0071,50.9392
2905,50.5169,8.2386,58.7555
2906,47.5701,0.0060,47.5761
2907,52.8035,0.0056,52.8091
2908,51.8327,0.0055,51.8382
2909,52.6081,0.0063,52.6144
2910,50.2851,11.3807,61.6658
2911,51.0967,0.0047,51.1014
2912,51.4921,0.0056,51.4977
2913,51.7469,0.0088,51.7557
2914,50.7753,0.0052,50.7805
2915,49.0204,8.4597,57.4801
2916,47.0425,0.0149,47.0574
2917,51.3035,0.0065,51.3100
2918,51.3779,0.0052,51.3831
2919,55.6734,0.0066,55.6800
2920,49.7047,10.7559,60.4606
2921,49.1028,0.0078,49.1106
2922,53.9130,0.0065,53.9195
2923,50.6605,0.0055,50.6660
2924,50.9125,0.0070,50.9195
2925,48.8213,10.7575,59.5788
2926,49.5590,0.0070,49.5660
2927,62.2793,0.0072,62.2865
2928,57.5874,0.0068,57.5942
2929,65.3522,0.0069,65.3591
2930,60.3930,14.3463,74.7393
2931,53.0493,0.0061,53.0554
2932,62.0722,0.0083,62.0805
2933,57.9860,0.0124,57.9984
2934,69.9901,0.0070,69.9971
2935,57.2123,0.8495,58.0618
2936,66.4691,0.0072,66.4763
2937,63.2982,0.0062,63.3044
2938,61.6677,0.0063,61.6740
2939,58.8823,0.0062,58.8885
2940,68.4906,1.3915,69.8821
2941,68.4269,0.0065,68.4334
2942,62.6497,0.0068,62.6565
2943,59.6513,0.0057,59.6570
2944,77.1443,0.0120,77.1563
2945,80.0324,1.8039,81.8363
2946,75.4966,0.0070,75.5036
2947,72.5044,0.0119,72.5163
2948,121.0852,0.0118,121.0970
2949,111.9917,0.0107,112.0024
2950,55.2810,420.9615,476.2425
2951,47.4936,0.0051,47.4987
2952,55.8429,0.0052,55.8481
2953,54.6669,0.0071,54.6740
2954,59.2680,0.0049,59.2729
2955,63.9539,0.9429,64.8968
2956,64.2265,0.0073,64.2338
2957,56.8850,0.0054,56.8904
2958,55.3119,0.0129,55.3248
2959,56.4051,0.0096,56.4147
2960,53.8304,0.9584,54.7888
2961,55.9922,0.0065,55.9987
2962,54.2560,0.0060,54.2620
2963,51.5072,0.0077,51.5149
2964,51.0149,0.0068,51.0217
2965,54.6673,0.8966,55.5639
2966,54.4602,0.0111,54.4713
2967,53.5775,0.0077,53.5852
2968,51.3679,0.0061,51.3740
2969,50.6089,0.0058,50.6147
2970,51.8336,0.8611,52.6947
2971,54.6174,0.0062,54.6236
2972,53.0079,0.0120,53.0199
2973,49.7584,0.0079,49.7663
2974,52.8934,0.0072,52.9006
2975,62.8010,1.4293,64.2303
2976,54.1596,0.0097,54.1693
2977,57.7287,0.0059,57.7346
2978,66.8805,0.0052,66.8857
2979,63.8998,0.0063,63.9061
2980,56.5315,0.9568,57.4883
2981,61.8351,0.0056,61.8407
2982,66.4459,0.0059,66.4518
2983,65.7773,0.0082,65.7855
2984,58.9441,0.0070,58.9511
2985,62.6804,0.7786,63.4590
2986,65.5465,0.0073,65.5538
2987,53.1287,0.0050,53.1337
2988,67.4234,0.0053,67.4287
2989,62.5117,0.0075,62.5192
2990,63.7485,1.2062,64.9547
2991,58.8771,0.0057,58.8828
2992,62.5407,0.0057,62.5464
2993,55.1670,0.0046,55.1716
2994,62.0933,0.0054,62.0987
2995,66.0231,0.7978,66.8209
2996,58.9573,0.0058,58.9631
2997,62.1577,0.0078,62.1655
2998,59.9138,0.0054,59.9192
2999,58.0042,0.0048,58.0090
